Transaction_ID,Household_External_ID,Portfolio_Account_ID,Transaction_Date,Transaction_Type,Symbol,Quantity,Price,Total_Amount,Currency
TXN-000001,HH-0001,PA-00001,2026-07-13,BUY,BND,75,141.32,10599.0,CAD
TXN-000002,HH-0001,PA-00001,2026-06-29,BUY,BND,194,448.79,87065.26,CAD
TXN-000003,HH-0001,PA-00001,2026-07-26,SELL,AAPL,12,69.51,834.12,CAD
TXN-000004,HH-0001,PA-00001,2026-05-12,BUY,VTI,55,365.11,20081.05,CAD
TXN-000005,HH-0001,PA-00001,2025-09-14,SELL,MSFT,119,304.9,36283.1,CAD
TXN-000006,HH-0001,PA-00001,2026-09-05,BUY,BND,113,186.62,21088.06,CAD
TXN-000007,HH-0001,PA-00001,2026-06-21,BUY,SPY,91,73.55,6693.05,CAD
TXN-000008,HH-0001,PA-00002,2026-07-21,SELL,SPY,93,311.77,28994.61,CAD
TXN-000009,HH-0001,PA-00002,2026-08-17,SELL,VTI,36,487.23,17540.28,CAD
TXN-000010,HH-0001,PA-00002,2026-02-27,BUY,VTI,80,418.97,33517.6,CAD
TXN-000011,HH-0001,PA-00002,2025-10-27,SELL,VTI,54,359.67,19422.18,CAD
TXN-000012,HH-0001,PA-00002,2026-08-16,BUY,SPY,79,492.98,38945.42,CAD
TXN-000013,HH-0001,PA-00003,2026-05-12,BUY,AMZN,76,240.37,18268.12,CAD
TXN-000014,HH-0001,PA-00003,2026-03-06,BUY,GOOGL,95,124.52,11829.4,CAD
TXN-000015,HH-0001,PA-00003,2026-04-25,BUY,VTI,167,106.29,17750.43,CAD
TXN-000016,HH-0001,PA-00003,2026-05-06,BUY,AMZN,102,153.23,15629.46,CAD
TXN-000017,HH-0001,PA-00003,2025-10-16,BUY,BND,88,425.35,37430.8,CAD
TXN-000018,HH-0001,PA-00003,2026-08-11,BUY,SPY,13,407.4,5296.2,CAD
TXN-000019,HH-0001,PA-00003,2026-02-15,SELL,AAPL,59,458.74,27065.66,CAD
TXN-000020,HH-0001,PA-00003,2025-11-22,SELL,MSFT,172,262.13,45086.36,CAD
TXN-000021,HH-0002,PA-00004,2026-01-17,BUY,GOOGL,40,142.15,5686.0,CAD
TXN-000022,HH-0002,PA-00004,2025-11-25,SELL,BND,154,228.51,35190.54,CAD
TXN-000023,HH-0002,PA-00004,2025-11-14,SELL,GOOGL,61,498.73,30422.53,CAD
TXN-000024,HH-0002,PA-00004,2026-06-30,SELL,AAPL,198,47.38,9381.24,CAD
TXN-000025,HH-0002,PA-00004,2026-07-14,BUY,BND,45,401.24,18055.8,CAD
TXN-000026,HH-0002,PA-00004,2026-02-04,BUY,AMZN,102,308.05,31421.1,CAD
TXN-000027,HH-0002,PA-00004,2026-01-12,SELL,VTI,7,348.13,2436.91,CAD
TXN-000028,HH-0003,PA-00005,2025-09-24,SELL,SPY,169,186.58,31532.02,CAD
TXN-000029,HH-0003,PA-00005,2026-04-11,SELL,MSFT,121,26.54,3211.34,CAD
TXN-000030,HH-0003,PA-00006,2026-04-27,BUY,VTI,32,438.5,14032.0,CAD
TXN-000031,HH-0003,PA-00006,2026-04-09,BUY,MSFT,100,387.19,38719.0,CAD
TXN-000032,HH-0003,PA-00006,2025-12-06,BUY,VTI,87,257.09,22366.83,CAD
TXN-000033,HH-0003,PA-00006,2026-07-13,SELL,SPY,83,138.74,11515.42,CAD
TXN-000034,HH-0003,PA-00006,2026-05-08,BUY,AAPL,192,255.85,49123.2,CAD
TXN-000035,HH-0003,PA-00006,2026-08-04,BUY,MSFT,173,250.76,43381.48,CAD
TXN-000036,HH-0003,PA-00006,2025-12-01,BUY,GOOGL,140,439.41,61517.4,CAD
TXN-000037,HH-0004,PA-00007,2026-05-23,BUY,BND,84,214.52,18019.68,CAD
TXN-000038,HH-0004,PA-00007,2025-09-30,SELL,AMZN,137,239.46,32806.02,CAD
TXN-000039,HH-0004,PA-00007,2026-05-05,BUY,AAPL,91,34.99,3184.09,CAD
TXN-000040,HH-0004,PA-00007,2025-11-29,BUY,VTI,61,28.42,1733.62,CAD
TXN-000041,HH-0004,PA-00007,2025-09-11,BUY,MSFT,22,455.07,10011.54,CAD
TXN-000042,HH-0004,PA-00008,2026-03-23,BUY,VTI,65,157.28,10223.2,CAD
TXN-000043,HH-0004,PA-00008,2026-01-03,BUY,VTI,38,368.59,14006.42,CAD
TXN-000044,HH-0004,PA-00008,2025-11-20,SELL,MSFT,126,408.56,51478.56,CAD
TXN-000045,HH-0004,PA-00008,2026-06-03,BUY,AAPL,173,229.75,39746.75,CAD
TXN-000046,HH-0004,PA-00008,2026-02-04,SELL,AMZN,191,50.73,9689.43,CAD
TXN-000047,HH-0004,PA-00008,2025-10-09,BUY,AAPL,108,370.9,40057.2,CAD
TXN-000048,HH-0004,PA-00008,2026-07-15,BUY,MSFT,53,279.74,14826.22,CAD
TXN-000049,HH-0004,PA-00008,2026-06-29,SELL,MSFT,76,244.75,18601.0,CAD
TXN-000050,HH-0004,PA-00009,2026-08-01,SELL,SPY,145,71.51,10368.95,CAD
TXN-000051,HH-0004,PA-00009,2025-10-10,BUY,AAPL,197,428.13,84341.61,CAD
TXN-000052,HH-0004,PA-00009,2026-06-15,SELL,AMZN,128,126.53,16195.84,CAD
TXN-000053,HH-0004,PA-00009,2026-02-15,BUY,MSFT,102,26.02,2654.04,CAD
TXN-000054,HH-0004,PA-00009,2026-02-21,SELL,SPY,121,160.49,19419.29,CAD
TXN-000055,HH-0004,PA-00009,2025-09-17,SELL,MSFT,53,165.94,8794.82,CAD
TXN-000056,HH-0004,PA-00009,2026-08-10,BUY,BND,85,52.15,4432.75,CAD
TXN-000057,HH-0004,PA-00009,2025-11-13,SELL,VTI,140,99.78,13969.2,CAD
TXN-000058,HH-0005,PA-00010,2026-07-29,BUY,AAPL,157,57.28,8992.96,CAD
TXN-000059,HH-0005,PA-00010,2026-05-11,SELL,AAPL,150,141.95,21292.5,CAD
TXN-000060,HH-0005,PA-00010,2025-11-08,BUY,VTI,25,224.13,5603.25,CAD
TXN-000061,HH-0005,PA-00010,2025-11-14,SELL,GOOGL,57,343.12,19557.84,CAD
TXN-000062,HH-0005,PA-00010,2026-04-01,BUY,GOOGL,106,87.17,9240.02,CAD
TXN-000063,HH-0005,PA-00010,2025-10-13,SELL,AMZN,85,466.28,39633.8,CAD
TXN-000064,HH-0005,PA-00011,2026-09-04,SELL,VTI,149,498.15,74224.35,CAD
TXN-000065,HH-0005,PA-00011,2026-08-02,BUY,VTI,72,87.92,6330.24,CAD
TXN-000066,HH-0005,PA-00012,2026-08-04,BUY,GOOGL,77,99.93,7694.61,CAD
TXN-000067,HH-0005,PA-00012,2025-12-04,SELL,VTI,172,276.25,47515.0,CAD
TXN-000068,HH-0005,PA-00012,2025-10-02,SELL,BND,31,470.99,14600.69,CAD
TXN-000069,HH-0005,PA-00012,2026-07-02,SELL,AAPL,32,377.65,12084.8,CAD
TXN-000070,HH-0006,PA-00013,2026-04-22,SELL,VTI,58,365.87,21220.46,CAD
TXN-000071,HH-0006,PA-00013,2026-05-27,SELL,VTI,130,144.28,18756.4,CAD
TXN-000072,HH-0006,PA-00013,2026-08-13,BUY,BND,113,418.94,47340.22,CAD
TXN-000073,HH-0006,PA-00014,2026-09-07,SELL,SPY,38,327.63,12449.94,CAD
TXN-000074,HH-0006,PA-00014,2026-04-27,BUY,BND,118,287.05,33871.9,CAD
TXN-000075,HH-0007,PA-00015,2025-11-25,BUY,AAPL,24,473.9,11373.6,CAD
TXN-000076,HH-0007,PA-00015,2025-09-20,BUY,VTI,14,421.43,5900.02,CAD
TXN-000077,HH-0007,PA-00015,2025-11-14,BUY,AMZN,37,44.87,1660.19,CAD
TXN-000078,HH-0007,PA-00015,2026-03-06,BUY,GOOGL,58,348.98,20240.84,CAD
TXN-000079,HH-0007,PA-00015,2025-10-02,BUY,GOOGL,148,444.96,65854.08,CAD
TXN-000080,HH-0007,PA-00016,2025-10-26,BUY,MSFT,46,488.7,22480.2,CAD
TXN-000081,HH-0007,PA-00016,2026-06-10,SELL,AAPL,50,374.87,18743.5,CAD
TXN-000082,HH-0007,PA-00016,2026-03-22,SELL,SPY,176,435.43,76635.68,CAD
TXN-000083,HH-0007,PA-00016,2026-05-04,SELL,MSFT,184,76.35,14048.4,CAD
TXN-000084,HH-0007,PA-00016,2026-08-20,SELL,MSFT,56,412.88,23121.28,CAD
TXN-000085,HH-0007,PA-00017,2026-03-13,SELL,SPY,63,130.89,8246.07,CAD
TXN-000086,HH-0007,PA-00017,2025-10-06,BUY,AMZN,89,157.34,14003.26,CAD
TXN-000087,HH-0007,PA-00017,2026-08-04,SELL,GOOGL,169,266.97,45117.93,CAD
TXN-000088,HH-0007,PA-00017,2025-09-26,SELL,AAPL,34,441.59,15014.06,CAD
TXN-000089,HH-0007,PA-00017,2026-04-28,BUY,VTI,72,43.17,3108.24,CAD
TXN-000090,HH-0008,PA-00018,2026-01-29,SELL,BND,85,232.29,19744.65,CAD
TXN-000091,HH-0008,PA-00018,2025-12-21,BUY,AMZN,152,115.29,17524.08,CAD
TXN-000092,HH-0008,PA-00018,2026-08-17,SELL,AAPL,138,464.65,64121.7,CAD
TXN-000093,HH-0008,PA-00018,2025-12-07,BUY,GOOGL,115,58.24,6697.6,CAD
TXN-000094,HH-0008,PA-00018,2025-10-03,SELL,VTI,85,340.11,28909.35,CAD
TXN-000095,HH-0008,PA-00018,2026-07-07,SELL,VTI,84,341.77,28708.68,CAD
TXN-000096,HH-0008,PA-00019,2026-02-14,SELL,VTI,37,116.12,4296.44,CAD
TXN-000097,HH-0008,PA-00019,2025-10-03,SELL,BND,196,453.83,88950.68,CAD
TXN-000098,HH-0008,PA-00019,2025-10-28,SELL,AMZN,145,421.02,61047.9,CAD
TXN-000099,HH-0008,PA-00019,2026-04-06,SELL,MSFT,115,398.24,45797.6,CAD
TXN-000100,HH-0008,PA-00020,2025-10-08,SELL,AMZN,118,235.03,27733.54,CAD
TXN-000101,HH-0008,PA-00020,2026-05-22,SELL,SPY,193,105.6,20380.8,CAD
TXN-000102,HH-0008,PA-00020,2026-07-27,SELL,VTI,174,325.65,56663.1,CAD
TXN-000103,HH-0008,PA-00020,2026-03-21,BUY,SPY,197,136.56,26902.32,CAD
TXN-000104,HH-0008,PA-00020,2026-04-03,BUY,SPY,55,94.99,5224.45,CAD
TXN-000105,HH-0008,PA-00020,2026-08-16,BUY,AMZN,161,428.63,69009.43,CAD
TXN-000106,HH-0009,PA-00021,2026-01-18,SELL,BND,152,117.36,17838.72,CAD
TXN-000107,HH-0009,PA-00021,2025-09-17,SELL,AMZN,107,140.89,15075.23,CAD
TXN-000108,HH-0009,PA-00022,2025-09-21,BUY,SPY,32,394.75,12632.0,CAD
TXN-000109,HH-0009,PA-00022,2026-05-19,BUY,SPY,183,271.03,49598.49,CAD
TXN-000110,HH-0009,PA-00022,2026-08-14,BUY,SPY,36,241.82,8705.52,CAD
TXN-000111,HH-0009,PA-00022,2026-01-14,SELL,SPY,118,316.01,37289.18,CAD
TXN-000112,HH-0009,PA-00022,2025-12-24,SELL,SPY,145,236.81,34337.45,CAD
TXN-000113,HH-0009,PA-00022,2026-06-19,SELL,AMZN,71,382.09,27128.39,CAD
TXN-000114,HH-0009,PA-00022,2025-10-17,SELL,SPY,138,255.18,35214.84,CAD
TXN-000115,HH-0009,PA-00023,2026-04-21,SELL,AAPL,187,160.72,30054.64,CAD
TXN-000116,HH-0009,PA-00023,2026-04-22,SELL,GOOGL,143,63.27,9047.61,CAD
TXN-000117,HH-0009,PA-00023,2026-06-23,BUY,AMZN,182,97.58,17759.56,CAD
TXN-000118,HH-0010,PA-00024,2026-08-07,SELL,AMZN,89,282.74,25163.86,CAD
TXN-000119,HH-0010,PA-00024,2026-02-08,BUY,MSFT,112,210.0,23520.0,CAD
TXN-000120,HH-0010,PA-00024,2025-11-13,BUY,SPY,200,298.45,59690.0,CAD
TXN-000121,HH-0011,PA-00025,2026-09-05,SELL,GOOGL,197,210.24,41417.28,CAD
TXN-000122,HH-0011,PA-00025,2026-02-06,BUY,AMZN,61,154.64,9433.04,CAD
TXN-000123,HH-0011,PA-00025,2026-01-03,BUY,AMZN,91,342.71,31186.61,CAD
TXN-000124,HH-0011,PA-00025,2026-02-13,BUY,SPY,124,461.78,57260.72,CAD
TXN-000125,HH-0011,PA-00025,2025-10-25,BUY,AMZN,156,293.09,45722.04,CAD
TXN-000126,HH-0012,PA-00026,2026-07-28,SELL,MSFT,123,111.32,13692.36,CAD
TXN-000127,HH-0012,PA-00026,2026-04-28,SELL,GOOGL,59,240.98,14217.82,CAD
TXN-000128,HH-0012,PA-00027,2026-02-26,SELL,SPY,112,144.83,16220.96,CAD
TXN-000129,HH-0012,PA-00027,2026-07-29,SELL,AAPL,196,281.22,55119.12,CAD
TXN-000130,HH-0012,PA-00027,2026-03-13,BUY,BND,22,396.09,8713.98,CAD
TXN-000131,HH-0012,PA-00027,2025-10-10,BUY,SPY,12,476.07,5712.84,CAD
TXN-000132,HH-0013,PA-00028,2026-08-29,BUY,MSFT,37,249.94,9247.78,CAD
TXN-000133,HH-0013,PA-00028,2026-07-12,BUY,AMZN,184,146.72,26996.48,CAD
TXN-000134,HH-0013,PA-00028,2026-03-04,BUY,VTI,160,482.77,77243.2,CAD
TXN-000135,HH-0013,PA-00029,2026-07-12,BUY,GOOGL,32,299.88,9596.16,CAD
TXN-000136,HH-0013,PA-00029,2026-04-02,SELL,AMZN,188,119.21,22411.48,CAD
TXN-000137,HH-0013,PA-00029,2025-11-09,BUY,AAPL,183,391.93,71723.19,CAD
TXN-000138,HH-0013,PA-00029,2025-09-23,BUY,SPY,149,396.75,59115.75,CAD
TXN-000139,HH-0013,PA-00029,2026-03-15,SELL,BND,99,57.75,5717.25,CAD
TXN-000140,HH-0013,PA-00029,2025-10-12,SELL,AAPL,112,415.61,46548.32,CAD
TXN-000141,HH-0013,PA-00029,2026-07-16,SELL,GOOGL,167,448.5,74899.5,CAD
TXN-000142,HH-0014,PA-00030,2025-09-11,BUY,AMZN,50,373.55,18677.5,CAD
TXN-000143,HH-0014,PA-00030,2025-10-10,SELL,VTI,142,392.95,55798.9,CAD
TXN-000144,HH-0014,PA-00030,2026-01-13,SELL,SPY,192,306.43,58834.56,CAD
TXN-000145,HH-0014,PA-00030,2026-03-27,BUY,SPY,27,157.49,4252.23,CAD
TXN-000146,HH-0014,PA-00030,2026-01-21,BUY,SPY,123,295.68,36368.64,CAD
TXN-000147,HH-0014,PA-00031,2026-02-26,SELL,AAPL,131,429.2,56225.2,CAD
TXN-000148,HH-0014,PA-00031,2026-06-07,SELL,MSFT,95,403.97,38377.15,CAD
TXN-000149,HH-0014,PA-00031,2026-03-18,SELL,VTI,184,443.05,81521.2,CAD
TXN-000150,HH-0014,PA-00031,2025-11-28,BUY,VTI,53,65.67,3480.51,CAD
TXN-000151,HH-0014,PA-00031,2026-02-12,SELL,VTI,199,139.15,27690.85,CAD
TXN-000152,HH-0014,PA-00031,2026-01-08,SELL,AMZN,9,69.2,622.8,CAD
TXN-000153,HH-0014,PA-00031,2026-05-18,SELL,BND,67,170.45,11420.15,CAD
TXN-000154,HH-0015,PA-00032,2026-03-04,SELL,VTI,140,188.28,26359.2,CAD
TXN-000155,HH-0015,PA-00032,2025-12-01,SELL,GOOGL,184,240.53,44257.52,CAD
TXN-000156,HH-0015,PA-00032,2026-04-05,SELL,MSFT,35,367.61,12866.35,CAD
TXN-000157,HH-0015,PA-00032,2026-03-31,BUY,BND,142,476.67,67687.14,CAD
TXN-000158,HH-0015,PA-00032,2025-09-20,BUY,MSFT,60,375.84,22550.4,CAD
TXN-000159,HH-0015,PA-00032,2026-04-20,SELL,AAPL,54,165.72,8948.88,CAD
TXN-000160,HH-0016,PA-00033,2026-06-09,SELL,AAPL,186,278.71,51840.06,CAD
TXN-000161,HH-0016,PA-00033,2026-04-21,BUY,AAPL,146,163.76,23908.96,CAD
TXN-000162,HH-0016,PA-00033,2026-07-06,SELL,AAPL,8,297.68,2381.44,CAD
TXN-000163,HH-0016,PA-00033,2026-01-11,SELL,AMZN,92,112.57,10356.44,CAD
TXN-000164,HH-0016,PA-00034,2026-05-02,SELL,AAPL,21,215.34,4522.14,CAD
TXN-000165,HH-0016,PA-00034,2026-08-02,BUY,MSFT,43,410.29,17642.47,CAD
TXN-000166,HH-0016,PA-00035,2026-07-27,BUY,AAPL,147,388.11,57052.17,CAD
TXN-000167,HH-0016,PA-00035,2025-11-02,BUY,SPY,138,205.68,28383.84,CAD
TXN-000168,HH-0016,PA-00035,2026-01-25,SELL,SPY,155,495.26,76765.3,CAD
TXN-000169,HH-0016,PA-00035,2026-04-05,BUY,VTI,194,72.14,13995.16,CAD
TXN-000170,HH-0017,PA-00036,2026-05-25,BUY,GOOGL,174,63.56,11059.44,CAD
TXN-000171,HH-0017,PA-00036,2026-05-09,BUY,VTI,24,99.35,2384.4,CAD
TXN-000172,HH-0017,PA-00036,2026-02-11,SELL,BND,157,248.21,38968.97,CAD
TXN-000173,HH-0017,PA-00036,2026-08-23,BUY,GOOGL,185,159.29,29468.65,CAD
TXN-000174,HH-0017,PA-00036,2026-01-19,BUY,BND,64,463.86,29687.04,CAD
TXN-000175,HH-0017,PA-00036,2025-10-23,BUY,AMZN,34,283.67,9644.78,CAD
TXN-000176,HH-0017,PA-00036,2025-10-12,BUY,GOOGL,41,58.92,2415.72,CAD
TXN-000177,HH-0017,PA-00036,2026-06-16,SELL,VTI,196,416.51,81635.96,CAD
TXN-000178,HH-0018,PA-00037,2026-01-27,BUY,AMZN,181,169.44,30668.64,CAD
TXN-000179,HH-0018,PA-00037,2026-02-14,SELL,VTI,143,259.55,37115.65,CAD
TXN-000180,HH-0018,PA-00037,2026-07-29,BUY,AMZN,193,178.1,34373.3,CAD
TXN-000181,HH-0018,PA-00037,2026-05-03,BUY,AAPL,63,481.91,30360.33,CAD
TXN-000182,HH-0019,PA-00038,2025-11-18,BUY,SPY,177,415.18,73486.86,CAD
TXN-000183,HH-0019,PA-00038,2025-11-17,BUY,SPY,198,108.22,21427.56,CAD
TXN-000184,HH-0019,PA-00038,2025-12-17,SELL,GOOGL,51,498.55,25426.05,CAD
TXN-000185,HH-0019,PA-00038,2026-01-28,SELL,AAPL,125,190.28,23785.0,CAD
TXN-000186,HH-0019,PA-00038,2026-03-22,SELL,BND,31,432.42,13405.02,CAD
TXN-000187,HH-0019,PA-00038,2026-03-24,SELL,BND,131,161.9,21208.9,CAD
TXN-000188,HH-0019,PA-00038,2026-02-15,BUY,AMZN,27,174.4,4708.8,CAD
TXN-000189,HH-0019,PA-00038,2026-03-27,BUY,SPY,108,435.83,47069.64,CAD
TXN-000190,HH-0019,PA-00039,2026-09-08,SELL,AMZN,18,114.1,2053.8,CAD
TXN-000191,HH-0019,PA-00039,2026-03-07,SELL,BND,118,386.0,45548.0,CAD
TXN-000192,HH-0019,PA-00039,2026-05-27,SELL,VTI,38,465.64,17694.32,CAD
TXN-000193,HH-0019,PA-00039,2026-01-27,SELL,AAPL,12,487.24,5846.88,CAD
TXN-000194,HH-0019,PA-00039,2025-11-01,BUY,BND,45,172.61,7767.45,CAD
TXN-000195,HH-0019,PA-00039,2026-09-01,SELL,AAPL,62,496.32,30771.84,CAD
TXN-000196,HH-0019,PA-00039,2026-07-12,SELL,AAPL,170,420.27,71445.9,CAD
TXN-000197,HH-0019,PA-00039,2025-12-27,SELL,VTI,185,154.88,28652.8,CAD
TXN-000198,HH-0020,PA-00040,2026-01-04,SELL,MSFT,121,286.85,34708.85,CAD
TXN-000199,HH-0020,PA-00040,2026-02-24,BUY,VTI,135,379.49,51231.15,CAD
TXN-000200,HH-0020,PA-00040,2026-07-01,BUY,GOOGL,111,186.44,20694.84,CAD
TXN-000201,HH-0020,PA-00040,2025-12-23,SELL,SPY,5,159.35,796.75,CAD
TXN-000202,HH-0020,PA-00040,2026-04-09,SELL,SPY,43,237.11,10195.73,CAD
TXN-000203,HH-0020,PA-00040,2026-01-04,SELL,GOOGL,146,387.36,56554.56,CAD
TXN-000204,HH-0020,PA-00040,2026-02-27,SELL,GOOGL,53,490.87,26016.11,CAD
TXN-000205,HH-0020,PA-00040,2026-05-09,SELL,MSFT,110,45.73,5030.3,CAD
TXN-000206,HH-0021,PA-00041,2026-01-09,SELL,AMZN,174,401.39,69841.86,CAD
TXN-000207,HH-0021,PA-00041,2025-10-10,BUY,AMZN,14,84.97,1189.58,CAD
TXN-000208,HH-0021,PA-00041,2025-11-10,SELL,SPY,30,440.24,13207.2,CAD
TXN-000209,HH-0021,PA-00041,2026-01-26,BUY,VTI,121,32.29,3907.09,CAD
TXN-000210,HH-0021,PA-00041,2026-06-27,SELL,SPY,172,485.73,83545.56,CAD
TXN-000211,HH-0021,PA-00041,2026-08-01,SELL,SPY,72,185.82,13379.04,CAD
TXN-000212,HH-0021,PA-00041,2025-09-19,SELL,BND,25,429.59,10739.75,CAD
TXN-000213,HH-0022,PA-00042,2025-09-28,SELL,GOOGL,165,366.39,60454.35,CAD
TXN-000214,HH-0022,PA-00042,2026-01-02,BUY,VTI,22,136.52,3003.44,CAD
TXN-000215,HH-0022,PA-00042,2025-09-23,SELL,MSFT,196,67.93,13314.28,CAD
TXN-000216,HH-0022,PA-00042,2026-07-20,BUY,AMZN,47,354.65,16668.55,CAD
TXN-000217,HH-0022,PA-00042,2026-08-25,BUY,GOOGL,19,164.35,3122.65,CAD
TXN-000218,HH-0022,PA-00042,2026-03-01,SELL,MSFT,67,277.3,18579.1,CAD
TXN-000219,HH-0022,PA-00042,2025-11-23,BUY,MSFT,49,62.51,3062.99,CAD
TXN-000220,HH-0022,PA-00042,2026-02-25,BUY,AMZN,154,92.98,14318.92,CAD
TXN-000221,HH-0023,PA-00043,2025-10-17,SELL,AMZN,70,341.75,23922.5,CAD
TXN-000222,HH-0023,PA-00043,2026-01-13,SELL,BND,144,100.04,14405.76,CAD
TXN-000223,HH-0023,PA-00043,2026-01-25,SELL,VTI,81,328.5,26608.5,CAD
TXN-000224,HH-0023,PA-00043,2026-02-03,SELL,AMZN,82,119.63,9809.66,CAD
TXN-000225,HH-0023,PA-00043,2026-02-24,SELL,AAPL,65,206.15,13399.75,CAD
TXN-000226,HH-0023,PA-00044,2025-11-18,SELL,BND,80,35.42,2833.6,CAD
TXN-000227,HH-0023,PA-00044,2025-10-06,SELL,GOOGL,7,293.82,2056.74,CAD
TXN-000228,HH-0023,PA-00044,2025-09-22,BUY,VTI,195,260.95,50885.25,CAD
TXN-000229,HH-0023,PA-00044,2026-04-15,BUY,VTI,95,129.03,12257.85,CAD
TXN-000230,HH-0024,PA-00045,2025-10-26,SELL,BND,198,367.44,72753.12,CAD
TXN-000231,HH-0024,PA-00045,2025-10-06,BUY,BND,29,454.12,13169.48,CAD
TXN-000232,HH-0024,PA-00045,2025-10-13,BUY,GOOGL,117,40.85,4779.45,CAD
TXN-000233,HH-0025,PA-00046,2026-07-03,BUY,GOOGL,88,380.05,33444.4,CAD
TXN-000234,HH-0025,PA-00046,2026-06-11,BUY,MSFT,143,441.32,63108.76,CAD
TXN-000235,HH-0025,PA-00046,2026-03-05,SELL,SPY,47,147.06,6911.82,CAD
TXN-000236,HH-0025,PA-00046,2026-01-05,SELL,BND,91,407.01,37037.91,CAD
TXN-000237,HH-0026,PA-00047,2026-08-01,BUY,SPY,62,433.57,26881.34,CAD
TXN-000238,HH-0026,PA-00047,2025-09-28,SELL,SPY,147,198.74,29214.78,CAD
TXN-000239,HH-0026,PA-00047,2026-02-18,BUY,GOOGL,142,83.7,11885.4,CAD
TXN-000240,HH-0026,PA-00047,2026-03-04,SELL,VTI,102,415.65,42396.3,CAD
TXN-000241,HH-0026,PA-00047,2026-03-02,BUY,BND,64,248.95,15932.8,CAD
TXN-000242,HH-0026,PA-00048,2025-11-25,SELL,VTI,61,332.63,20290.43,CAD
TXN-000243,HH-0026,PA-00048,2025-10-18,SELL,BND,82,333.39,27337.98,CAD
TXN-000244,HH-0026,PA-00048,2026-07-11,BUY,AAPL,14,169.57,2373.98,CAD
TXN-000245,HH-0026,PA-00048,2025-12-30,BUY,AAPL,65,446.45,29019.25,CAD
TXN-000246,HH-0026,PA-00048,2026-07-01,SELL,AMZN,99,343.48,34004.52,CAD
TXN-000247,HH-0026,PA-00048,2025-09-17,SELL,VTI,195,370.13,72175.35,CAD
TXN-000248,HH-0026,PA-00049,2025-10-08,BUY,SPY,130,317.43,41265.9,CAD
TXN-000249,HH-0026,PA-00049,2026-04-18,BUY,BND,99,128.2,12691.8,CAD
TXN-000250,HH-0026,PA-00049,2026-01-24,BUY,SPY,97,72.19,7002.43,CAD
TXN-000251,HH-0026,PA-00049,2025-09-22,SELL,VTI,170,195.37,33212.9,CAD
TXN-000252,HH-0026,PA-00049,2026-02-17,SELL,MSFT,36,475.78,17128.08,CAD
TXN-000253,HH-0027,PA-00050,2026-01-19,BUY,BND,59,329.81,19458.79,CAD
TXN-000254,HH-0027,PA-00050,2025-11-07,BUY,AAPL,90,140.7,12663.0,CAD
TXN-000255,HH-0027,PA-00050,2026-07-06,BUY,AAPL,200,288.25,57650.0,CAD
TXN-000256,HH-0027,PA-00050,2025-11-12,BUY,SPY,64,181.07,11588.48,CAD
TXN-000257,HH-0027,PA-00050,2026-06-25,BUY,GOOGL,42,494.08,20751.36,CAD
TXN-000258,HH-0027,PA-00050,2025-12-06,SELL,SPY,49,77.22,3783.78,CAD
TXN-000259,HH-0027,PA-00050,2026-08-26,BUY,AAPL,96,400.24,38423.04,CAD
TXN-000260,HH-0027,PA-00050,2026-05-10,SELL,AAPL,49,151.05,7401.45,CAD
TXN-000261,HH-0027,PA-00051,2026-02-05,BUY,BND,21,251.22,5275.62,CAD
TXN-000262,HH-0027,PA-00051,2026-03-07,BUY,AMZN,133,130.24,17321.92,CAD
TXN-000263,HH-0027,PA-00051,2025-10-29,BUY,BND,173,272.69,47175.37,CAD
TXN-000264,HH-0027,PA-00052,2025-10-14,BUY,AAPL,127,427.47,54288.69,CAD
TXN-000265,HH-0027,PA-00052,2026-02-02,BUY,AMZN,187,457.11,85479.57,CAD
TXN-000266,HH-0027,PA-00052,2026-08-02,BUY,GOOGL,160,95.46,15273.6,CAD
TXN-000267,HH-0027,PA-00052,2026-07-06,SELL,VTI,167,303.05,50609.35,CAD
TXN-000268,HH-0027,PA-00052,2025-09-09,SELL,AMZN,157,277.01,43490.57,CAD
TXN-000269,HH-0028,PA-00053,2025-12-24,SELL,AAPL,184,79.35,14600.4,CAD
TXN-000270,HH-0028,PA-00053,2025-10-08,BUY,AMZN,120,446.84,53620.8,CAD
TXN-000271,HH-0028,PA-00053,2026-02-09,SELL,SPY,121,214.4,25942.4,CAD
TXN-000272,HH-0028,PA-00053,2026-07-22,SELL,AMZN,85,340.93,28979.05,CAD
TXN-000273,HH-0028,PA-00053,2026-03-01,BUY,BND,126,56.89,7168.14,CAD
TXN-000274,HH-0029,PA-00054,2026-07-27,BUY,AMZN,29,378.68,10981.72,CAD
TXN-000275,HH-0029,PA-00054,2026-03-02,BUY,VTI,20,303.57,6071.4,CAD
TXN-000276,HH-0029,PA-00054,2025-11-25,SELL,BND,36,220.13,7924.68,CAD
TXN-000277,HH-0029,PA-00054,2025-10-03,SELL,SPY,189,49.44,9344.16,CAD
TXN-000278,HH-0029,PA-00054,2026-04-14,SELL,GOOGL,31,299.51,9284.81,CAD
TXN-000279,HH-0029,PA-00054,2026-05-23,BUY,BND,128,131.52,16834.56,CAD
TXN-000280,HH-0029,PA-00054,2026-07-15,SELL,SPY,147,199.59,29339.73,CAD
TXN-000281,HH-0029,PA-00054,2026-04-19,BUY,SPY,114,426.45,48615.3,CAD
TXN-000282,HH-0029,PA-00055,2025-10-25,BUY,VTI,173,418.99,72485.27,CAD
TXN-000283,HH-0029,PA-00055,2026-04-25,BUY,MSFT,74,358.78,26549.72,CAD
TXN-000284,HH-0029,PA-00055,2026-04-03,SELL,GOOGL,6,111.17,667.02,CAD
TXN-000285,HH-0029,PA-00055,2026-06-27,SELL,AAPL,41,376.96,15455.36,CAD
TXN-000286,HH-0029,PA-00055,2026-08-24,BUY,BND,140,127.19,17806.6,CAD
TXN-000287,HH-0029,PA-00055,2026-02-06,SELL,GOOGL,45,200.78,9035.1,CAD
TXN-000288,HH-0029,PA-00055,2026-03-26,BUY,AAPL,44,99.77,4389.88,CAD
TXN-000289,HH-0029,PA-00055,2025-10-27,BUY,BND,25,154.25,3856.25,CAD
TXN-000290,HH-0029,PA-00056,2026-02-03,SELL,VTI,118,221.74,26165.32,CAD
TXN-000291,HH-0029,PA-00056,2026-05-21,BUY,GOOGL,115,77.67,8932.05,CAD
TXN-000292,HH-0029,PA-00056,2025-09-26,SELL,VTI,175,171.5,30012.5,CAD
TXN-000293,HH-0029,PA-00056,2026-05-19,SELL,VTI,19,28.65,544.35,CAD
TXN-000294,HH-0029,PA-00056,2026-04-07,BUY,SPY,40,387.98,15519.2,CAD
TXN-000295,HH-0029,PA-00056,2026-04-13,SELL,AAPL,6,261.26,1567.56,CAD
TXN-000296,HH-0029,PA-00056,2026-01-31,BUY,MSFT,102,277.98,28353.96,CAD
TXN-000297,HH-0030,PA-00057,2025-12-26,SELL,AAPL,106,434.34,46040.04,CAD
TXN-000298,HH-0030,PA-00057,2026-08-18,SELL,AAPL,122,462.55,56431.1,CAD
TXN-000299,HH-0030,PA-00057,2026-04-01,SELL,VTI,108,362.01,39097.08,CAD
TXN-000300,HH-0030,PA-00058,2026-04-13,BUY,AMZN,10,483.94,4839.4,CAD
TXN-000301,HH-0030,PA-00058,2026-06-13,SELL,SPY,181,461.89,83602.09,CAD
TXN-000302,HH-0030,PA-00058,2026-07-25,SELL,SPY,32,140.58,4498.56,CAD
TXN-000303,HH-0030,PA-00058,2025-11-11,SELL,VTI,25,212.99,5324.75,CAD
TXN-000304,HH-0030,PA-00058,2026-04-03,SELL,MSFT,90,395.08,35557.2,CAD
TXN-000305,HH-0030,PA-00059,2025-12-21,BUY,VTI,135,117.1,15808.5,CAD
TXN-000306,HH-0030,PA-00059,2026-03-14,SELL,BND,170,412.14,70063.8,CAD
TXN-000307,HH-0031,PA-00060,2026-07-18,BUY,GOOGL,55,107.41,5907.55,CAD
TXN-000308,HH-0031,PA-00060,2026-06-22,BUY,MSFT,165,259.71,42852.15,CAD
TXN-000309,HH-0031,PA-00060,2025-11-24,SELL,BND,149,330.42,49232.58,CAD
TXN-000310,HH-0031,PA-00061,2026-03-27,SELL,MSFT,117,57.44,6720.48,CAD
TXN-000311,HH-0031,PA-00061,2026-01-25,SELL,SPY,75,305.92,22944.0,CAD
TXN-000312,HH-0031,PA-00061,2026-03-12,BUY,GOOGL,123,239.66,29478.18,CAD
TXN-000313,HH-0031,PA-00061,2026-08-10,SELL,SPY,78,61.45,4793.1,CAD
TXN-000314,HH-0031,PA-00061,2026-07-24,SELL,AMZN,153,288.3,44109.9,CAD
TXN-000315,HH-0031,PA-00061,2026-08-18,SELL,SPY,151,334.62,50527.62,CAD
TXN-000316,HH-0032,PA-00062,2025-11-03,SELL,VTI,43,479.92,20636.56,CAD
TXN-000317,HH-0032,PA-00062,2026-01-21,BUY,SPY,92,491.63,45229.96,CAD
TXN-000318,HH-0032,PA-00062,2026-07-27,BUY,AAPL,68,361.12,24556.16,CAD
TXN-000319,HH-0032,PA-00062,2026-01-27,BUY,GOOGL,100,461.02,46102.0,CAD
TXN-000320,HH-0032,PA-00063,2026-02-11,SELL,BND,158,49.87,7879.46,CAD
TXN-000321,HH-0032,PA-00063,2025-10-20,SELL,AAPL,89,69.89,6220.21,CAD
TXN-000322,HH-0032,PA-00063,2025-09-26,SELL,GOOGL,69,368.77,25445.13,CAD
TXN-000323,HH-0032,PA-00063,2025-10-07,BUY,GOOGL,25,301.8,7545.0,CAD
TXN-000324,HH-0032,PA-00063,2026-06-28,SELL,GOOGL,172,356.78,61366.16,CAD
TXN-000325,HH-0032,PA-00064,2026-07-04,BUY,GOOGL,148,203.92,30180.16,CAD
TXN-000326,HH-0032,PA-00064,2026-03-24,BUY,BND,184,418.76,77051.84,CAD
TXN-000327,HH-0032,PA-00064,2025-09-23,BUY,BND,176,226.12,39797.12,CAD
TXN-000328,HH-0032,PA-00064,2026-03-07,BUY,GOOGL,84,110.62,9292.08,CAD
TXN-000329,HH-0032,PA-00064,2026-05-22,SELL,SPY,129,116.2,14989.8,CAD
TXN-000330,HH-0033,PA-00065,2026-06-21,BUY,GOOGL,30,266.15,7984.5,CAD
TXN-000331,HH-0033,PA-00065,2025-12-06,BUY,BND,91,441.29,40157.39,CAD
TXN-000332,HH-0033,PA-00065,2025-10-27,BUY,VTI,101,98.27,9925.27,CAD
TXN-000333,HH-0034,PA-00066,2025-09-19,BUY,BND,117,45.75,5352.75,CAD
TXN-000334,HH-0034,PA-00066,2026-03-06,BUY,AMZN,161,160.34,25814.74,CAD
TXN-000335,HH-0034,PA-00066,2026-01-22,BUY,VTI,66,172.0,11352.0,CAD
TXN-000336,HH-0034,PA-00067,2026-01-11,BUY,GOOGL,178,474.89,84530.42,CAD
TXN-000337,HH-0034,PA-00067,2026-01-26,SELL,SPY,77,394.61,30384.97,CAD
TXN-000338,HH-0034,PA-00067,2025-12-25,SELL,MSFT,56,405.6,22713.6,CAD
TXN-000339,HH-0034,PA-00067,2026-06-30,SELL,AAPL,169,253.28,42804.32,CAD
TXN-000340,HH-0034,PA-00067,2026-03-02,BUY,BND,137,429.3,58814.1,CAD
TXN-000341,HH-0034,PA-00067,2026-04-16,BUY,SPY,46,154.58,7110.68,CAD
TXN-000342,HH-0034,PA-00067,2025-12-20,BUY,SPY,116,68.56,7952.96,CAD
TXN-000343,HH-0034,PA-00067,2026-05-18,SELL,GOOGL,11,222.08,2442.88,CAD
TXN-000344,HH-0034,PA-00068,2025-12-25,SELL,MSFT,103,497.4,51232.2,CAD
TXN-000345,HH-0034,PA-00068,2026-03-01,BUY,AAPL,86,467.14,40174.04,CAD
TXN-000346,HH-0034,PA-00068,2025-10-11,SELL,SPY,42,90.36,3795.12,CAD
TXN-000347,HH-0034,PA-00068,2026-04-15,SELL,BND,40,385.45,15418.0,CAD
TXN-000348,HH-0034,PA-00068,2026-01-11,SELL,VTI,6,455.28,2731.68,CAD
TXN-000349,HH-0035,PA-00069,2026-04-30,BUY,SPY,43,285.68,12284.24,CAD
TXN-000350,HH-0035,PA-00069,2025-11-01,SELL,AAPL,78,137.88,10754.64,CAD
TXN-000351,HH-0035,PA-00070,2026-08-15,BUY,AMZN,168,402.1,67552.8,CAD
TXN-000352,HH-0035,PA-00070,2026-01-17,BUY,AAPL,132,308.45,40715.4,CAD
TXN-000353,HH-0035,PA-00071,2025-10-20,BUY,BND,41,163.35,6697.35,CAD
TXN-000354,HH-0035,PA-00071,2026-09-08,SELL,MSFT,151,222.87,33653.37,CAD
TXN-000355,HH-0036,PA-00072,2025-10-01,BUY,VTI,97,57.15,5543.55,CAD
TXN-000356,HH-0036,PA-00072,2025-12-13,BUY,AMZN,125,45.68,5710.0,CAD
TXN-000357,HH-0036,PA-00072,2026-02-22,SELL,GOOGL,196,32.72,6413.12,CAD
TXN-000358,HH-0036,PA-00072,2026-08-05,SELL,MSFT,192,337.12,64727.04,CAD
TXN-000359,HH-0036,PA-00072,2026-07-17,SELL,MSFT,16,192.34,3077.44,CAD
TXN-000360,HH-0036,PA-00072,2026-03-19,BUY,SPY,180,245.7,44226.0,CAD
TXN-000361,HH-0036,PA-00072,2025-09-17,SELL,BND,51,410.46,20933.46,CAD
TXN-000362,HH-0036,PA-00073,2026-01-17,BUY,GOOGL,56,45.81,2565.36,CAD
TXN-000363,HH-0036,PA-00073,2026-05-29,BUY,GOOGL,84,269.81,22664.04,CAD
TXN-000364,HH-0037,PA-00074,2025-12-04,SELL,GOOGL,14,382.81,5359.34,CAD
TXN-000365,HH-0037,PA-00074,2026-06-03,SELL,GOOGL,17,436.25,7416.25,CAD
TXN-000366,HH-0037,PA-00074,2026-03-23,SELL,AAPL,99,232.55,23022.45,CAD
TXN-000367,HH-0037,PA-00074,2026-02-16,SELL,AMZN,91,487.52,44364.32,CAD
TXN-000368,HH-0037,PA-00074,2025-12-28,SELL,GOOGL,137,151.69,20781.53,CAD
TXN-000369,HH-0037,PA-00074,2026-07-28,SELL,AAPL,115,311.17,35784.55,CAD
TXN-000370,HH-0037,PA-00074,2026-06-08,SELL,GOOGL,31,63.03,1953.93,CAD
TXN-000371,HH-0037,PA-00074,2025-10-05,SELL,GOOGL,119,311.25,37038.75,CAD
TXN-000372,HH-0037,PA-00075,2026-06-15,SELL,GOOGL,119,45.12,5369.28,CAD
TXN-000373,HH-0037,PA-00075,2026-03-12,SELL,GOOGL,168,490.51,82405.68,CAD
TXN-000374,HH-0037,PA-00075,2026-08-10,BUY,BND,168,217.95,36615.6,CAD
TXN-000375,HH-0037,PA-00075,2025-12-20,BUY,AAPL,41,428.12,17552.92,CAD
TXN-000376,HH-0037,PA-00075,2025-09-26,SELL,AAPL,37,56.94,2106.78,CAD
TXN-000377,HH-0037,PA-00076,2025-10-13,SELL,GOOGL,103,476.0,49028.0,CAD
TXN-000378,HH-0037,PA-00076,2026-08-23,BUY,BND,120,475.69,57082.8,CAD
TXN-000379,HH-0037,PA-00076,2026-03-02,SELL,SPY,24,297.61,7142.64,CAD
TXN-000380,HH-0037,PA-00076,2025-12-11,SELL,AMZN,85,333.54,28350.9,CAD
TXN-000381,HH-0037,PA-00076,2026-05-04,BUY,AAPL,193,113.37,21880.41,CAD
TXN-000382,HH-0037,PA-00076,2025-12-17,SELL,VTI,35,149.34,5226.9,CAD
TXN-000383,HH-0037,PA-00076,2026-04-28,SELL,MSFT,161,160.65,25864.65,CAD
TXN-000384,HH-0037,PA-00076,2025-12-31,BUY,AAPL,39,430.09,16773.51,CAD
TXN-000385,HH-0038,PA-00077,2026-06-12,SELL,AAPL,179,484.59,86741.61,CAD
TXN-000386,HH-0038,PA-00077,2026-03-29,SELL,BND,21,286.25,6011.25,CAD
TXN-000387,HH-0038,PA-00077,2026-04-13,SELL,SPY,45,363.11,16339.95,CAD
TXN-000388,HH-0038,PA-00077,2025-09-15,BUY,SPY,97,266.66,25866.02,CAD
TXN-000389,HH-0038,PA-00077,2026-07-08,BUY,SPY,40,137.45,5498.0,CAD
TXN-000390,HH-0038,PA-00078,2026-08-26,SELL,VTI,151,200.23,30234.73,CAD
TXN-000391,HH-0038,PA-00078,2025-11-30,BUY,VTI,27,56.23,1518.21,CAD
TXN-000392,HH-0038,PA-00078,2026-02-17,SELL,VTI,110,390.35,42938.5,CAD
TXN-000393,HH-0038,PA-00078,2025-11-18,BUY,MSFT,86,330.11,28389.46,CAD
TXN-000394,HH-0038,PA-00078,2026-01-21,SELL,BND,137,188.64,25843.68,CAD
TXN-000395,HH-0038,PA-00079,2025-11-30,BUY,SPY,38,230.49,8758.62,CAD
TXN-000396,HH-0038,PA-00079,2026-08-11,BUY,VTI,44,169.46,7456.24,CAD
TXN-000397,HH-0038,PA-00079,2026-06-18,SELL,BND,62,189.36,11740.32,CAD
TXN-000398,HH-0038,PA-00079,2025-12-17,SELL,SPY,25,144.04,3601.0,CAD
TXN-000399,HH-0038,PA-00079,2025-10-18,SELL,MSFT,165,168.84,27858.6,CAD
TXN-000400,HH-0038,PA-00079,2025-12-09,BUY,VTI,169,105.1,17761.9,CAD
TXN-000401,HH-0038,PA-00079,2025-11-15,BUY,MSFT,173,321.63,55641.99,CAD
TXN-000402,HH-0038,PA-00079,2025-11-03,SELL,SPY,149,44.57,6640.93,CAD
TXN-000403,HH-0039,PA-00080,2026-08-25,BUY,AAPL,169,391.24,66119.56,CAD
TXN-000404,HH-0039,PA-00080,2026-04-26,BUY,SPY,151,222.88,33654.88,CAD
TXN-000405,HH-0039,PA-00080,2025-10-16,BUY,AMZN,165,284.15,46884.75,CAD
TXN-000406,HH-0039,PA-00080,2025-10-15,SELL,AMZN,67,407.23,27284.41,CAD
TXN-000407,HH-0039,PA-00080,2025-09-23,SELL,GOOGL,121,59.66,7218.86,CAD
TXN-000408,HH-0039,PA-00080,2026-08-09,BUY,AMZN,111,255.02,28307.22,CAD
TXN-000409,HH-0039,PA-00080,2026-05-27,SELL,VTI,41,173.48,7112.68,CAD
TXN-000410,HH-0039,PA-00080,2026-03-29,SELL,AMZN,38,386.32,14680.16,CAD
TXN-000411,HH-0039,PA-00081,2025-11-25,BUY,GOOGL,66,246.57,16273.62,CAD
TXN-000412,HH-0039,PA-00081,2026-04-25,SELL,MSFT,41,70.99,2910.59,CAD
TXN-000413,HH-0039,PA-00081,2026-04-13,SELL,SPY,162,223.61,36224.82,CAD
TXN-000414,HH-0039,PA-00081,2026-06-19,SELL,VTI,189,173.54,32799.06,CAD
TXN-000415,HH-0039,PA-00081,2026-06-19,SELL,VTI,124,261.91,32476.84,CAD
TXN-000416,HH-0039,PA-00081,2026-04-04,SELL,AAPL,28,473.99,13271.72,CAD
TXN-000417,HH-0039,PA-00082,2026-01-17,BUY,MSFT,154,192.63,29665.02,CAD
TXN-000418,HH-0039,PA-00082,2026-08-14,SELL,AMZN,157,444.11,69725.27,CAD
TXN-000419,HH-0039,PA-00082,2025-10-09,SELL,GOOGL,142,28.88,4100.96,CAD
TXN-000420,HH-0039,PA-00082,2026-07-15,SELL,MSFT,72,370.57,26681.04,CAD
TXN-000421,HH-0039,PA-00082,2026-02-14,SELL,AAPL,107,49.3,5275.1,CAD
TXN-000422,HH-0039,PA-00082,2025-11-25,BUY,GOOGL,146,162.09,23665.14,CAD
TXN-000423,HH-0040,PA-00083,2025-12-24,SELL,SPY,145,157.87,22891.15,CAD
TXN-000424,HH-0040,PA-00083,2025-10-24,BUY,MSFT,29,212.1,6150.9,CAD
TXN-000425,HH-0040,PA-00083,2026-03-19,SELL,SPY,41,119.55,4901.55,CAD
TXN-000426,HH-0040,PA-00083,2025-12-22,SELL,VTI,15,46.52,697.8,CAD
TXN-000427,HH-0040,PA-00083,2026-06-30,SELL,SPY,126,271.68,34231.68,CAD
TXN-000428,HH-0040,PA-00084,2025-11-02,BUY,GOOGL,161,176.3,28384.3,CAD
TXN-000429,HH-0040,PA-00084,2026-02-19,SELL,VTI,91,265.97,24203.27,CAD
TXN-000430,HH-0040,PA-00084,2025-12-22,SELL,BND,149,167.4,24942.6,CAD
TXN-000431,HH-0041,PA-00085,2026-08-31,SELL,GOOGL,177,77.06,13639.62,CAD
TXN-000432,HH-0041,PA-00085,2026-02-07,SELL,SPY,190,439.25,83457.5,CAD
TXN-000433,HH-0041,PA-00085,2025-10-21,BUY,VTI,126,151.13,19042.38,CAD
TXN-000434,HH-0041,PA-00085,2025-10-08,BUY,BND,18,302.17,5439.06,CAD
TXN-000435,HH-0041,PA-00085,2026-06-13,SELL,MSFT,179,140.04,25067.16,CAD
TXN-000436,HH-0041,PA-00085,2025-11-19,BUY,MSFT,9,234.49,2110.41,CAD
TXN-000437,HH-0041,PA-00085,2026-02-06,BUY,AMZN,181,121.85,22054.85,CAD
TXN-000438,HH-0041,PA-00085,2025-12-26,SELL,SPY,193,370.52,71510.36,CAD
TXN-000439,HH-0041,PA-00086,2026-06-30,BUY,VTI,88,499.11,43921.68,CAD
TXN-000440,HH-0041,PA-00086,2026-01-07,SELL,GOOGL,49,243.34,11923.66,CAD
TXN-000441,HH-0041,PA-00086,2025-12-10,SELL,VTI,95,346.04,32873.8,CAD
TXN-000442,HH-0041,PA-00086,2025-09-25,SELL,VTI,128,116.33,14890.24,CAD
TXN-000443,HH-0041,PA-00086,2026-05-05,SELL,VTI,81,131.81,10676.61,CAD
TXN-000444,HH-0041,PA-00086,2026-04-09,SELL,BND,58,352.86,20465.88,CAD
TXN-000445,HH-0041,PA-00086,2026-01-01,SELL,AMZN,94,291.23,27375.62,CAD
TXN-000446,HH-0042,PA-00087,2026-04-21,SELL,AAPL,151,346.4,52306.4,CAD
TXN-000447,HH-0042,PA-00087,2026-02-26,SELL,SPY,93,478.44,44494.92,CAD
TXN-000448,HH-0042,PA-00087,2026-06-26,SELL,AAPL,78,478.77,37344.06,CAD
TXN-000449,HH-0042,PA-00087,2026-07-30,SELL,AMZN,172,146.81,25251.32,CAD
TXN-000450,HH-0042,PA-00087,2026-01-06,BUY,MSFT,142,153.79,21838.18,CAD
TXN-000451,HH-0042,PA-00087,2025-11-25,SELL,MSFT,32,317.45,10158.4,CAD
TXN-000452,HH-0042,PA-00087,2025-11-12,BUY,MSFT,17,343.17,5833.89,CAD
TXN-000453,HH-0042,PA-00087,2025-12-11,BUY,BND,64,49.93,3195.52,CAD
TXN-000454,HH-0043,PA-00088,2026-03-23,SELL,AAPL,179,391.11,70008.69,CAD
TXN-000455,HH-0043,PA-00088,2026-09-06,BUY,AMZN,172,469.14,80692.08,CAD
TXN-000456,HH-0043,PA-00088,2026-01-08,SELL,BND,56,384.06,21507.36,CAD
TXN-000457,HH-0043,PA-00088,2026-04-14,SELL,GOOGL,170,53.1,9027.0,CAD
TXN-000458,HH-0043,PA-00088,2026-07-25,BUY,VTI,194,368.48,71485.12,CAD
TXN-000459,HH-0043,PA-00089,2026-06-11,SELL,SPY,50,468.61,23430.5,CAD
TXN-000460,HH-0043,PA-00089,2026-08-21,SELL,SPY,131,113.5,14868.5,CAD
TXN-000461,HH-0043,PA-00090,2026-04-13,BUY,AAPL,81,294.78,23877.18,CAD
TXN-000462,HH-0043,PA-00090,2026-07-16,SELL,GOOGL,121,494.82,59873.22,CAD
TXN-000463,HH-0043,PA-00090,2025-12-04,SELL,MSFT,134,247.31,33139.54,CAD
TXN-000464,HH-0043,PA-00090,2026-06-02,BUY,GOOGL,46,372.28,17124.88,CAD
TXN-000465,HH-0043,PA-00090,2025-10-12,SELL,BND,52,31.69,1647.88,CAD
TXN-000466,HH-0043,PA-00090,2026-03-20,SELL,VTI,177,384.71,68093.67,CAD
TXN-000467,HH-0043,PA-00090,2026-06-11,SELL,SPY,114,269.76,30752.64,CAD
TXN-000468,HH-0044,PA-00091,2026-02-15,BUY,MSFT,40,251.79,10071.6,CAD
TXN-000469,HH-0044,PA-00091,2026-05-04,BUY,GOOGL,103,136.87,14097.61,CAD
TXN-000470,HH-0044,PA-00092,2026-04-25,SELL,GOOGL,154,368.37,56728.98,CAD
TXN-000471,HH-0044,PA-00092,2026-09-03,SELL,BND,97,354.07,34344.79,CAD
TXN-000472,HH-0044,PA-00092,2026-08-08,BUY,AMZN,83,100.87,8372.21,CAD
TXN-000473,HH-0044,PA-00092,2025-09-22,SELL,BND,35,328.39,11493.65,CAD
TXN-000474,HH-0044,PA-00092,2026-04-10,SELL,VTI,61,129.09,7874.49,CAD
TXN-000475,HH-0044,PA-00092,2026-07-02,SELL,MSFT,121,380.17,46000.57,CAD
TXN-000476,HH-0044,PA-00092,2025-11-02,SELL,AMZN,184,285.89,52603.76,CAD
TXN-000477,HH-0044,PA-00092,2026-01-10,BUY,SPY,68,348.16,23674.88,CAD
TXN-000478,HH-0045,PA-00093,2026-07-29,SELL,VTI,185,196.85,36417.25,CAD
TXN-000479,HH-0045,PA-00093,2025-11-24,BUY,AAPL,145,453.87,65811.15,CAD
TXN-000480,HH-0045,PA-00093,2026-05-28,BUY,MSFT,88,430.88,37917.44,CAD
TXN-000481,HH-0045,PA-00093,2026-01-25,BUY,BND,57,365.54,20835.78,CAD
TXN-000482,HH-0045,PA-00093,2026-01-01,BUY,VTI,119,409.13,48686.47,CAD
TXN-000483,HH-0045,PA-00093,2026-01-19,BUY,VTI,111,241.98,26859.78,CAD
TXN-000484,HH-0046,PA-00094,2025-11-26,SELL,BND,83,368.56,30590.48,CAD
TXN-000485,HH-0046,PA-00094,2026-02-18,SELL,SPY,5,379.26,1896.3,CAD
TXN-000486,HH-0046,PA-00095,2026-08-02,BUY,AMZN,93,357.68,33264.24,CAD
TXN-000487,HH-0046,PA-00095,2025-12-05,BUY,AAPL,125,40.07,5008.75,CAD
TXN-000488,HH-0046,PA-00095,2026-02-11,BUY,SPY,39,388.77,15162.03,CAD
TXN-000489,HH-0046,PA-00095,2025-10-13,SELL,GOOGL,102,238.06,24282.12,CAD
TXN-000490,HH-0046,PA-00095,2026-02-27,SELL,AAPL,179,482.97,86451.63,CAD
TXN-000491,HH-0046,PA-00095,2025-12-06,BUY,BND,94,81.35,7646.9,CAD
TXN-000492,HH-0047,PA-00096,2026-02-19,BUY,BND,62,421.54,26135.48,CAD
TXN-000493,HH-0047,PA-00096,2026-08-28,SELL,AMZN,177,366.57,64882.89,CAD
TXN-000494,HH-0047,PA-00096,2026-02-03,SELL,SPY,63,142.57,8981.91,CAD
TXN-000495,HH-0047,PA-00096,2026-03-15,BUY,GOOGL,53,470.27,24924.31,CAD
TXN-000496,HH-0047,PA-00096,2026-07-13,BUY,SPY,174,224.14,39000.36,CAD
TXN-000497,HH-0047,PA-00096,2026-08-31,BUY,MSFT,22,72.93,1604.46,CAD
TXN-000498,HH-0047,PA-00097,2026-01-23,BUY,MSFT,194,46.01,8925.94,CAD
TXN-000499,HH-0047,PA-00097,2026-01-27,BUY,VTI,60,383.33,22999.8,CAD
TXN-000500,HH-0048,PA-00098,2026-08-11,BUY,VTI,79,136.23,10762.17,CAD
TXN-000501,HH-0048,PA-00098,2025-11-18,SELL,VTI,158,391.96,61929.68,CAD
TXN-000502,HH-0048,PA-00098,2026-03-28,BUY,GOOGL,41,493.21,20221.61,CAD
TXN-000503,HH-0048,PA-00098,2025-12-16,BUY,AMZN,81,155.7,12611.7,CAD
TXN-000504,HH-0048,PA-00098,2025-11-27,BUY,BND,178,227.92,40569.76,CAD
TXN-000505,HH-0048,PA-00098,2025-12-29,BUY,GOOGL,169,343.89,58117.41,CAD
TXN-000506,HH-0048,PA-00098,2025-12-14,SELL,BND,111,218.92,24300.12,CAD
TXN-000507,HH-0048,PA-00098,2026-04-08,SELL,MSFT,198,280.52,55542.96,CAD
TXN-000508,HH-0048,PA-00099,2026-05-16,SELL,SPY,186,93.57,17404.02,CAD
TXN-000509,HH-0048,PA-00099,2026-01-14,BUY,VTI,110,484.7,53317.0,CAD
TXN-000510,HH-0048,PA-00099,2025-11-27,BUY,AMZN,67,146.12,9790.04,CAD
TXN-000511,HH-0048,PA-00100,2025-10-12,BUY,AMZN,99,68.92,6823.08,CAD
TXN-000512,HH-0048,PA-00100,2026-06-03,BUY,GOOGL,101,344.99,34843.99,CAD
TXN-000513,HH-0048,PA-00100,2025-11-04,BUY,SPY,23,114.38,2630.74,CAD
TXN-000514,HH-0048,PA-00100,2025-11-12,BUY,AMZN,58,438.0,25404.0,CAD
TXN-000515,HH-0049,PA-00101,2026-04-06,BUY,MSFT,53,481.99,25545.47,CAD
TXN-000516,HH-0049,PA-00101,2026-07-10,SELL,MSFT,183,312.09,57112.47,CAD
TXN-000517,HH-0049,PA-00101,2026-05-27,SELL,MSFT,146,177.77,25954.42,CAD
TXN-000518,HH-0049,PA-00101,2026-04-17,SELL,AMZN,141,333.14,46972.74,CAD
TXN-000519,HH-0049,PA-00102,2026-04-28,SELL,VTI,132,246.35,32518.2,CAD
TXN-000520,HH-0049,PA-00102,2026-01-11,SELL,MSFT,99,173.64,17190.36,CAD
TXN-000521,HH-0049,PA-00102,2026-08-16,BUY,BND,42,32.7,1373.4,CAD
TXN-000522,HH-0049,PA-00102,2025-11-29,SELL,GOOGL,44,118.19,5200.36,CAD
TXN-000523,HH-0050,PA-00103,2026-02-26,BUY,AMZN,145,335.94,48711.3,CAD
TXN-000524,HH-0050,PA-00103,2025-09-23,SELL,GOOGL,200,415.26,83052.0,CAD
TXN-000525,HH-0050,PA-00103,2025-10-15,SELL,AMZN,48,373.07,17907.36,CAD
