Client_External_ID__c,Household_External_ID,FirstName,LastName,Email,Phone,Title
CL-00001,HH-0001,Anthony,Fowler,jesseguzman@example.net,(686) 379-4026,Business Owner
CL-00002,HH-0001,Joshua,Fowler,susanrogers@example.org,+1 (715) 594-0781,Business Owner
CL-00003,HH-0002,Michelle,Miller,oramirez@example.com,355 341 9283,Engineer
CL-00004,HH-0002,Steven,Miller,veronica83@example.net,1 (603) 056-4139,Executive
CL-00005,HH-0003,Michael,Lewis,williamdavis@example.org,922.691.6697,Consultant
CL-00006,HH-0003,John,Lewis,frazierdanny@example.net,1-351-462-7048,Executive
CL-00007,HH-0003,William,Rodriguez,meagan89@example.org,252 880 9570,Physician
CL-00008,HH-0003,Sarah,Lewis,john39@example.org,971.822.7824,Retired
CL-00009,HH-0004,John,Brennan,morganbrianna@example.org,(401) 031-0518,Director
CL-00010,HH-0004,Joshua,Brennan,ilewis@example.net,237-631-1656 x670,Business Owner
CL-00011,HH-0005,Steven,Brown,ramosmichelle@example.net,408.013.2677,Business Owner
CL-00012,HH-0005,Michelle,Brown,martinaaron@example.com,1-174-687-2343,Director
CL-00013,HH-0005,Beth,Brown,adkinsbrian@example.net,288-208-1219 x136,Consultant
CL-00014,HH-0005,Shelly,Hudson,harveyrobert@example.net,(154) 353-4624 x751,Retired
CL-00015,HH-0006,Justin,Ellis,tbass@example.com,(408) 412-4118 x244,Business Owner
CL-00016,HH-0006,Jennifer,Ellis,gracefarrell@example.net,940-164-0052 x427,Engineer
CL-00017,HH-0006,Janice,Hoffman,jonesnicole@example.org,(405) 982-6204 x505,Director
CL-00018,HH-0007,Harry,Fleming,kimberly63@example.com,416 073 3754,Engineer
CL-00019,HH-0007,Jeffrey,Fleming,raymondramirez@example.org,1-558-685-0142,Consultant
CL-00020,HH-0007,Benjamin,Carlson,jessica56@example.net,(716) 934-0608 x835,Business Owner
CL-00021,HH-0008,Angela,Jones,robertbentley@example.net,799 468 0443,Consultant
CL-00022,HH-0008,Kristi,Jones,steven73@example.net,121-489-5134 x332,Engineer
CL-00023,HH-0008,Brandon,Jones,xcarr@example.org,369-367-6320 x163,Executive
CL-00024,HH-0009,Cheyenne,Brock,jrivas@example.com,877 434 8734,Engineer
CL-00025,HH-0009,Chris,Brock,jimmy55@example.net,622.362.3166,Retired
CL-00026,HH-0010,Sherri,Daniels,karen68@example.net,(893) 734-6706 x562,Consultant
CL-00027,HH-0010,Samantha,Daniels,meadowsbrittany@example.net,416-272-0465,Physician
CL-00028,HH-0011,Jeffrey,Gibson,harringtondenise@example.org,(430) 923-2719,Director
CL-00029,HH-0011,Steven,Gibson,katie29@example.net,424.190.4966,Retired
CL-00030,HH-0011,Charles,Gibson,curtisbarton@example.net,190.586.5185,Physician
CL-00031,HH-0011,Melissa,Gibson,xgarcia@example.net,626-284-9877 x694,Business Owner
CL-00032,HH-0012,Melissa,Christian,tonykelly@example.com,1 (749) 480-8313,Business Owner
CL-00033,HH-0012,Tracy,Christian,hannahbrewer@example.com,601-436-3495 x788,Director
CL-00034,HH-0012,Ronald,Christian,michael74@example.com,1-831-351-8233,Attorney
CL-00035,HH-0012,Joshua,Christian,tina34@example.org,1 (524) 082-4008,Executive
CL-00036,HH-0013,Tammy,Terry,shelley71@example.org,+1 (471) 902-2941,Director
CL-00037,HH-0013,David,Terry,yobrien@example.net,(186) 774-9649,Physician
CL-00038,HH-0013,Chelsea,Terry,mezajared@example.org,1-812-328-1206,Consultant
CL-00039,HH-0014,Amy,Norris,rebekahserrano@example.org,724-994-7174,Retired
CL-00040,HH-0014,Sherri,Norris,mkim@example.org,+1 (559) 401-3990,Physician
CL-00041,HH-0015,Michael,Johnston,manuel12@example.com,+1 (674) 680-7154,Executive
CL-00042,HH-0015,Darrell,Johnston,ahancock@example.net,(976) 038-5977 x034,Business Owner
CL-00043,HH-0015,David,Roberts,omartinez@example.net,(824) 808-6131,Consultant
CL-00044,HH-0016,Duane,Valentine,sandraromero@example.org,846.584.0449,Attorney
CL-00045,HH-0016,Michelle,Valentine,wryan@example.com,(886) 753-3963 x605,Business Owner
CL-00046,HH-0017,Cory,Thornton,jsmith@example.com,717 459 6158,Director
CL-00047,HH-0017,Stephanie,Thornton,cbrennan@example.net,534.316.1172,Engineer
CL-00048,HH-0017,Rebecca,Williams,carternicholas@example.org,(486) 922-2196,Engineer
CL-00049,HH-0018,Charles,Jimenez,vanessa46@example.net,1-674-367-1369,Engineer
CL-00050,HH-0018,Bailey,Jimenez,andrew64@example.org,597-439-5339,Engineer
CL-00051,HH-0019,Mark,Byrd,ithompson@example.net,1 (888) 424-7451,Engineer
CL-00052,HH-0019,Sydney,Byrd,karenperez@example.net,+1 (685) 160-4817,Executive
CL-00053,HH-0019,Emily,Byrd,brenda51@example.net,(570) 985-9317,Executive
CL-00054,HH-0019,Debra,Byrd,taylorsophia@example.com,711-382-6758 x692,Executive
CL-00055,HH-0020,Rachel,Pena,bruce43@example.org,413-900-5329 x318,Physician
CL-00056,HH-0020,Brenda,Pena,markhernandez@example.net,142-284-2102,Attorney
CL-00057,HH-0021,Julie,Howard,xwest@example.net,178.390.8470,Director
CL-00058,HH-0021,Yolanda,Howard,gsimmons@example.com,711-592-1249 x985,Retired
CL-00059,HH-0022,Matthew,Vang,uross@example.org,1 (265) 452-7111,Director
CL-00060,HH-0022,Ryan,Vang,lisa80@example.net,(985) 165-6049 x451,Retired
CL-00061,HH-0023,Anthony,Lewis,anthony44@example.com,1 (902) 296-1201,Director
CL-00062,HH-0023,Jason,Lewis,kchavez@example.com,1-259-910-2290,Physician
CL-00063,HH-0024,Daniel,Nelson,trose@example.org,(569) 003-4324,Business Owner
CL-00064,HH-0024,Mark,Nelson,jimenezryan@example.org,+1 (183) 885-1606,Executive
CL-00065,HH-0024,Steve,Nelson,atkinsbarbara@example.net,+1 (664) 160-5297,Executive
CL-00066,HH-0024,Christopher,Richard,ryanmorales@example.org,+1 (945) 352-1818,Engineer
CL-00067,HH-0025,Kathleen,Lee,thompsonkendra@example.com,599-799-5527 x177,Executive
CL-00068,HH-0025,Laura,Lee,bellcharles@example.com,900-541-1998 x679,Physician
CL-00069,HH-0025,Stephanie,Lee,colelisa@example.net,(259) 782-0715,Director
CL-00070,HH-0026,Samantha,Wagner,vortiz@example.net,351-518-6449,Engineer
CL-00071,HH-0026,Mathew,Wagner,sabrinacollins@example.net,+1 (229) 148-6528,Consultant
CL-00072,HH-0027,Jeremy,Lucas,ericphillips@example.org,(388) 059-2962 x229,Attorney
CL-00073,HH-0027,Jennifer,Lucas,jenkinserica@example.org,894-738-3473 x597,Physician
CL-00074,HH-0028,Morgan,Hammond,dawsonzachary@example.org,1-812-478-2613,Business Owner
CL-00075,HH-0028,Nicole,Hammond,perryrandy@example.com,(361) 530-5152,Engineer
CL-00076,HH-0028,Benjamin,Hammond,ihorton@example.net,279-010-4328 x986,Engineer
CL-00077,HH-0028,Kimberly,Hammond,kevinwilliams@example.com,111-798-0893 x246,Executive
CL-00078,HH-0029,Kristin,Mendez,myerstheodore@example.net,+1 (654) 051-5319,Engineer
CL-00079,HH-0029,Dennis,Mendez,amy27@example.net,922-170-4303 x054,Retired
CL-00080,HH-0029,Raymond,Mendez,wking@example.net,(845) 054-1566,Director
CL-00081,HH-0030,Ryan,Kline,amymorris@example.org,1 (144) 796-2757,Executive
CL-00082,HH-0030,Jessica,Kline,christina64@example.net,116-582-0297,Attorney
CL-00083,HH-0031,Scott,Martinez,berryalyssa@example.com,1 (243) 102-7868,Consultant
CL-00084,HH-0031,Jose,Martinez,jane39@example.com,931-217-2715 x518,Physician
CL-00085,HH-0031,Kelly,Evans,jenniferho@example.net,658 313 2370,Business Owner
CL-00086,HH-0031,Angela,Wood,cherylmiller@example.com,+1 (878) 669-1251,Retired
CL-00087,HH-0032,Fred,Owens,sarah35@example.net,1-214-384-2498,Executive
CL-00088,HH-0032,Wayne,Owens,brittanycarpenter@example.org,1 (790) 010-9439,Consultant
CL-00089,HH-0032,Christine,Johnson,dawn47@example.org,+1 (447) 102-7677,Business Owner
CL-00090,HH-0032,Matthew,Thomas,jessica56@example.org,1 (488) 153-7147,Physician
CL-00091,HH-0033,Kathryn,Thomas,dferrell@example.com,1-670-168-7339,Consultant
CL-00092,HH-0033,Brandon,Thomas,troy74@example.net,116-245-6506,Engineer
CL-00093,HH-0033,Ashley,Lee,charles87@example.net,1-699-121-6558,Engineer
CL-00094,HH-0034,April,Fischer,catherinerobertson@example.com,1 (826) 949-5888,Director
CL-00095,HH-0034,Jeanne,Fischer,thomas05@example.com,469.409.7499,Consultant
CL-00096,HH-0035,Robert,Griffith,avaughn@example.net,902-838-5786 x527,Attorney
CL-00097,HH-0035,Matthew,Griffith,erica49@example.com,(634) 843-4437,Director
CL-00098,HH-0036,Michael,Castillo,vdouglas@example.com,(438) 484-2199,Executive
CL-00099,HH-0036,John,Castillo,danawilliams@example.com,1 (471) 208-2677,Retired
CL-00100,HH-0036,Katelyn,Castillo,manuel01@example.net,(580) 262-0672,Physician
CL-00101,HH-0036,Nancy,Castillo,evanscarrie@example.com,1-278-872-8743,Executive
CL-00102,HH-0037,Christopher,Rivera,lopezdonald@example.com,(104) 637-4549,Engineer
CL-00103,HH-0037,Jose,Rivera,heather01@example.com,1-426-841-4593,Business Owner
CL-00104,HH-0037,Susan,Rivera,vhernandez@example.net,1 (868) 783-3918,Director
CL-00105,HH-0037,Allison,Cox,brownamy@example.net,(898) 225-8713,Physician
CL-00106,HH-0038,Randy,Davis,reesebeth@example.org,+1 (351) 801-7046,Retired
CL-00107,HH-0038,Kayla,Davis,ybrooks@example.com,+1 (961) 825-1286,Director
CL-00108,HH-0039,Steven,Anderson,joshuapineda@example.net,106.903.3119,Attorney
CL-00109,HH-0039,Sean,Anderson,sanchezbradley@example.com,(683) 028-4395,Engineer
CL-00110,HH-0040,Angela,Young,comptonshelly@example.net,+1 (885) 662-4628,Executive
CL-00111,HH-0040,John,Young,kevinzimmerman@example.com,486-688-2634,Engineer
CL-00112,HH-0041,Morgan,Rivera,lindamatthews@example.net,(437) 354-0331 x739,Director
CL-00113,HH-0041,Randy,Rivera,andrearowe@example.com,685-445-8771 x753,Retired
CL-00114,HH-0041,Lawrence,Williams,joycesmith@example.net,+1 (942) 353-6937,Business Owner
CL-00115,HH-0042,Jack,Pena,warrenmary@example.org,806-231-2038,Director
CL-00116,HH-0042,Nathaniel,Pena,bhopkins@example.org,(286) 008-4840 x862,Retired
CL-00117,HH-0042,Samantha,Warren,jamesfox@example.com,1-261-567-9334,Retired
CL-00118,HH-0042,Desiree,Pena,davisnicholas@example.net,400-217-6591 x803,Business Owner
CL-00119,HH-0043,Karen,Valenzuela,thickman@example.org,(196) 856-2185,Director
CL-00120,HH-0043,Connor,Valenzuela,marypeterson@example.net,+1 (750) 477-3586,Executive
CL-00121,HH-0043,Jacob,Valenzuela,nmiller@example.com,(211) 426-2655,Engineer
CL-00122,HH-0043,Christopher,Valenzuela,sean41@example.org,226.788.8610,Business Owner
CL-00123,HH-0044,Rebecca,Gomez,ashleyjackson@example.com,524 447 2126,Director
CL-00124,HH-0044,Robert,Gomez,xpatton@example.com,(779) 937-1240,Retired
CL-00125,HH-0044,Martin,Gomez,vbrock@example.com,1 (369) 245-9375,Consultant
CL-00126,HH-0044,Tamara,Gomez,kelly79@example.org,1 (364) 651-9398,Engineer
CL-00127,HH-0045,Jennifer,Maldonado,mjones@example.com,+1 (288) 680-5891,Executive
CL-00128,HH-0045,Kayla,Maldonado,gabriel90@example.net,+1 (956) 101-4388,Consultant
CL-00129,HH-0045,Beverly,Maldonado,seanmyers@example.net,(625) 071-4611 x254,Director
CL-00130,HH-0046,Bradley,Gibson,johnsonmatthew@example.org,438 282 5867,Engineer
CL-00131,HH-0046,Lauren,Gibson,jacobsandoval@example.com,593-796-6033,Attorney
CL-00132,HH-0046,Karen,Stokes,raylauren@example.net,755 371 4785,Physician
CL-00133,HH-0047,Lawrence,Carr,kevinwhite@example.net,886 692 9662,Consultant
CL-00134,HH-0047,Cynthia,Carr,angelaburns@example.org,757 905 0723,Engineer
CL-00135,HH-0047,Tamara,Wagner,fortiz@example.com,372-190-3404 x384,Physician
CL-00136,HH-0047,Kimberly,Carr,hdunn@example.net,248.580.7836,Engineer
CL-00137,HH-0048,Lisa,Fitzgerald,michelle96@example.org,333 095 8498,Director
CL-00138,HH-0048,Mario,Fitzgerald,keith48@example.net,426.042.2325,Attorney
CL-00139,HH-0048,Kathleen,Fitzgerald,kburns@example.net,1-866-711-6845,Physician
CL-00140,HH-0048,Stephanie,Fitzgerald,brandi17@example.net,1 (518) 636-3745,Executive
CL-00141,HH-0049,Scott,Morgan,braunronald@example.net,142 415 4152,Engineer
CL-00142,HH-0049,Randy,Morgan,jessica36@example.net,810.371.2938,Business Owner
CL-00143,HH-0050,Lawrence,Smith,derrick22@example.org,(290) 927-5326 x973,Director
CL-00144,HH-0050,Peggy,Smith,karenlawrence@example.com,1 (565) 234-1389,Attorney
CL-00145,HH-0050,Kimberly,Vaughn,jamie98@example.org,+1 (240) 376-1379,Attorney
