Client_External_ID__c,FirstName,LastName,Email,Phone,Title,AccountId
CL-00001,Anthony,Fowler,jesseguzman@example.net,(686) 379-4026,Business Owner,001aj00003rOxZxAAK
CL-00002,Joshua,Fowler,susanrogers@example.org,+1 (715) 594-0781,Business Owner,001aj00003rOxZxAAK
CL-00003,Michelle,Miller,oramirez@example.com,355 341 9283,Engineer,001aj00003rOxZyAAK
CL-00004,Steven,Miller,veronica83@example.net,1 (603) 056-4139,Executive,001aj00003rOxZyAAK
CL-00005,Michael,Lewis,williamdavis@example.org,922.691.6697,Consultant,001aj00003rOxZzAAK
CL-00006,John,Lewis,frazierdanny@example.net,1-351-462-7048,Executive,001aj00003rOxZzAAK
CL-00007,William,Rodriguez,meagan89@example.org,252 880 9570,Physician,001aj00003rOxZzAAK
CL-00008,Sarah,Lewis,john39@example.org,971.822.7824,Retired,001aj00003rOxZzAAK
CL-00009,John,Brennan,morganbrianna@example.org,(401) 031-0518,Director,001aj00003rOxa0AAC
CL-00010,Joshua,Brennan,ilewis@example.net,237-631-1656 x670,Business Owner,001aj00003rOxa0AAC
CL-00011,Steven,Brown,ramosmichelle@example.net,408.013.2677,Business Owner,001aj00003rOxa1AAC
CL-00012,Michelle,Brown,martinaaron@example.com,1-174-687-2343,Director,001aj00003rOxa1AAC
CL-00013,Beth,Brown,adkinsbrian@example.net,288-208-1219 x136,Consultant,001aj00003rOxa1AAC
CL-00014,Shelly,Hudson,harveyrobert@example.net,(154) 353-4624 x751,Retired,001aj00003rOxa1AAC
CL-00015,Justin,Ellis,tbass@example.com,(408) 412-4118 x244,Business Owner,001aj00003rOxa2AAC
CL-00016,Jennifer,Ellis,gracefarrell@example.net,940-164-0052 x427,Engineer,001aj00003rOxa2AAC
CL-00017,Janice,Hoffman,jonesnicole@example.org,(405) 982-6204 x505,Director,001aj00003rOxa2AAC
CL-00018,Harry,Fleming,kimberly63@example.com,416 073 3754,Engineer,001aj00003rOxa3AAC
CL-00019,Jeffrey,Fleming,raymondramirez@example.org,1-558-685-0142,Consultant,001aj00003rOxa3AAC
CL-00020,Benjamin,Carlson,jessica56@example.net,(716) 934-0608 x835,Business Owner,001aj00003rOxa3AAC
CL-00021,Angela,Jones,robertbentley@example.net,799 468 0443,Consultant,001aj00003rOxa4AAC
CL-00022,Kristi,Jones,steven73@example.net,121-489-5134 x332,Engineer,001aj00003rOxa4AAC
CL-00023,Brandon,Jones,xcarr@example.org,369-367-6320 x163,Executive,001aj00003rOxa4AAC
CL-00024,Cheyenne,Brock,jrivas@example.com,877 434 8734,Engineer,001aj00003rOxa5AAC
CL-00025,Chris,Brock,jimmy55@example.net,622.362.3166,Retired,001aj00003rOxa5AAC
CL-00026,Sherri,Daniels,karen68@example.net,(893) 734-6706 x562,Consultant,001aj00003rOxa6AAC
CL-00027,Samantha,Daniels,meadowsbrittany@example.net,416-272-0465,Physician,001aj00003rOxa6AAC
CL-00028,Jeffrey,Gibson,harringtondenise@example.org,(430) 923-2719,Director,001aj00003rOxa7AAC
CL-00029,Steven,Gibson,katie29@example.net,424.190.4966,Retired,001aj00003rOxa7AAC
CL-00030,Charles,Gibson,curtisbarton@example.net,190.586.5185,Physician,001aj00003rOxa7AAC
CL-00031,Melissa,Gibson,xgarcia@example.net,626-284-9877 x694,Business Owner,001aj00003rOxa7AAC
CL-00032,Melissa,Christian,tonykelly@example.com,1 (749) 480-8313,Business Owner,001aj00003rOxa8AAC
CL-00033,Tracy,Christian,hannahbrewer@example.com,601-436-3495 x788,Director,001aj00003rOxa8AAC
CL-00034,Ronald,Christian,michael74@example.com,1-831-351-8233,Attorney,001aj00003rOxa8AAC
CL-00035,Joshua,Christian,tina34@example.org,1 (524) 082-4008,Executive,001aj00003rOxa8AAC
CL-00036,Tammy,Terry,shelley71@example.org,+1 (471) 902-2941,Director,001aj00003rOxa9AAC
CL-00037,David,Terry,yobrien@example.net,(186) 774-9649,Physician,001aj00003rOxa9AAC
CL-00038,Chelsea,Terry,mezajared@example.org,1-812-328-1206,Consultant,001aj00003rOxa9AAC
CL-00039,Amy,Norris,rebekahserrano@example.org,724-994-7174,Retired,001aj00003rOxaAAAS
CL-00040,Sherri,Norris,mkim@example.org,+1 (559) 401-3990,Physician,001aj00003rOxaAAAS
CL-00041,Michael,Johnston,manuel12@example.com,+1 (674) 680-7154,Executive,001aj00003rOxaBAAS
CL-00042,Darrell,Johnston,ahancock@example.net,(976) 038-5977 x034,Business Owner,001aj00003rOxaBAAS
CL-00043,David,Roberts,omartinez@example.net,(824) 808-6131,Consultant,001aj00003rOxaBAAS
CL-00044,Duane,Valentine,sandraromero@example.org,846.584.0449,Attorney,001aj00003rOxaCAAS
CL-00045,Michelle,Valentine,wryan@example.com,(886) 753-3963 x605,Business Owner,001aj00003rOxaCAAS
CL-00046,Cory,Thornton,jsmith@example.com,717 459 6158,Director,001aj00003rOxaDAAS
CL-00047,Stephanie,Thornton,cbrennan@example.net,534.316.1172,Engineer,001aj00003rOxaDAAS
CL-00048,Rebecca,Williams,carternicholas@example.org,(486) 922-2196,Engineer,001aj00003rOxaDAAS
CL-00049,Charles,Jimenez,vanessa46@example.net,1-674-367-1369,Engineer,001aj00003rOxaEAAS
CL-00050,Bailey,Jimenez,andrew64@example.org,597-439-5339,Engineer,001aj00003rOxaEAAS
CL-00051,Mark,Byrd,ithompson@example.net,1 (888) 424-7451,Engineer,001aj00003rOxaFAAS
CL-00052,Sydney,Byrd,karenperez@example.net,+1 (685) 160-4817,Executive,001aj00003rOxaFAAS
CL-00053,Emily,Byrd,brenda51@example.net,(570) 985-9317,Executive,001aj00003rOxaFAAS
CL-00054,Debra,Byrd,taylorsophia@example.com,711-382-6758 x692,Executive,001aj00003rOxaFAAS
CL-00055,Rachel,Pena,bruce43@example.org,413-900-5329 x318,Physician,001aj00003rOxaGAAS
CL-00056,Brenda,Pena,markhernandez@example.net,142-284-2102,Attorney,001aj00003rOxaGAAS
CL-00057,Julie,Howard,xwest@example.net,178.390.8470,Director,001aj00003rOxaHAAS
CL-00058,Yolanda,Howard,gsimmons@example.com,711-592-1249 x985,Retired,001aj00003rOxaHAAS
CL-00059,Matthew,Vang,uross@example.org,1 (265) 452-7111,Director,001aj00003rOxaIAAS
CL-00060,Ryan,Vang,lisa80@example.net,(985) 165-6049 x451,Retired,001aj00003rOxaIAAS
CL-00061,Anthony,Lewis,anthony44@example.com,1 (902) 296-1201,Director,001aj00003rOxaJAAS
CL-00062,Jason,Lewis,kchavez@example.com,1-259-910-2290,Physician,001aj00003rOxaJAAS
CL-00063,Daniel,Nelson,trose@example.org,(569) 003-4324,Business Owner,001aj00003rOxaKAAS
CL-00064,Mark,Nelson,jimenezryan@example.org,+1 (183) 885-1606,Executive,001aj00003rOxaKAAS
CL-00065,Steve,Nelson,atkinsbarbara@example.net,+1 (664) 160-5297,Executive,001aj00003rOxaKAAS
CL-00066,Christopher,Richard,ryanmorales@example.org,+1 (945) 352-1818,Engineer,001aj00003rOxaKAAS
CL-00067,Kathleen,Lee,thompsonkendra@example.com,599-799-5527 x177,Executive,001aj00003rOxaLAAS
CL-00068,Laura,Lee,bellcharles@example.com,900-541-1998 x679,Physician,001aj00003rOxaLAAS
CL-00069,Stephanie,Lee,colelisa@example.net,(259) 782-0715,Director,001aj00003rOxaLAAS
CL-00070,Samantha,Wagner,vortiz@example.net,351-518-6449,Engineer,001aj00003rOxaMAAS
CL-00071,Mathew,Wagner,sabrinacollins@example.net,+1 (229) 148-6528,Consultant,001aj00003rOxaMAAS
CL-00072,Jeremy,Lucas,ericphillips@example.org,(388) 059-2962 x229,Attorney,001aj00003rOxaNAAS
CL-00073,Jennifer,Lucas,jenkinserica@example.org,894-738-3473 x597,Physician,001aj00003rOxaNAAS
CL-00074,Morgan,Hammond,dawsonzachary@example.org,1-812-478-2613,Business Owner,001aj00003rOxaOAAS
CL-00075,Nicole,Hammond,perryrandy@example.com,(361) 530-5152,Engineer,001aj00003rOxaOAAS
CL-00076,Benjamin,Hammond,ihorton@example.net,279-010-4328 x986,Engineer,001aj00003rOxaOAAS
CL-00077,Kimberly,Hammond,kevinwilliams@example.com,111-798-0893 x246,Executive,001aj00003rOxaOAAS
CL-00078,Kristin,Mendez,myerstheodore@example.net,+1 (654) 051-5319,Engineer,001aj00003rOxaPAAS
CL-00079,Dennis,Mendez,amy27@example.net,922-170-4303 x054,Retired,001aj00003rOxaPAAS
CL-00080,Raymond,Mendez,wking@example.net,(845) 054-1566,Director,001aj00003rOxaPAAS
CL-00081,Ryan,Kline,amymorris@example.org,1 (144) 796-2757,Executive,001aj00003rOxaQAAS
CL-00082,Jessica,Kline,christina64@example.net,116-582-0297,Attorney,001aj00003rOxaQAAS
CL-00083,Scott,Martinez,berryalyssa@example.com,1 (243) 102-7868,Consultant,001aj00003rOxaRAAS
CL-00084,Jose,Martinez,jane39@example.com,931-217-2715 x518,Physician,001aj00003rOxaRAAS
CL-00085,Kelly,Evans,jenniferho@example.net,658 313 2370,Business Owner,001aj00003rOxaRAAS
CL-00086,Angela,Wood,cherylmiller@example.com,+1 (878) 669-1251,Retired,001aj00003rOxaRAAS
CL-00087,Fred,Owens,sarah35@example.net,1-214-384-2498,Executive,001aj00003rOxaSAAS
CL-00088,Wayne,Owens,brittanycarpenter@example.org,1 (790) 010-9439,Consultant,001aj00003rOxaSAAS
CL-00089,Christine,Johnson,dawn47@example.org,+1 (447) 102-7677,Business Owner,001aj00003rOxaSAAS
CL-00090,Matthew,Thomas,jessica56@example.org,1 (488) 153-7147,Physician,001aj00003rOxaSAAS
CL-00091,Kathryn,Thomas,dferrell@example.com,1-670-168-7339,Consultant,001aj00003rOxaTAAS
CL-00092,Brandon,Thomas,troy74@example.net,116-245-6506,Engineer,001aj00003rOxaTAAS
CL-00093,Ashley,Lee,charles87@example.net,1-699-121-6558,Engineer,001aj00003rOxaTAAS
CL-00094,April,Fischer,catherinerobertson@example.com,1 (826) 949-5888,Director,001aj00003rOxaUAAS
CL-00095,Jeanne,Fischer,thomas05@example.com,469.409.7499,Consultant,001aj00003rOxaUAAS
CL-00096,Robert,Griffith,avaughn@example.net,902-838-5786 x527,Attorney,001aj00003rOxaVAAS
CL-00097,Matthew,Griffith,erica49@example.com,(634) 843-4437,Director,001aj00003rOxaVAAS
CL-00098,Michael,Castillo,vdouglas@example.com,(438) 484-2199,Executive,001aj00003rOxaWAAS
CL-00099,John,Castillo,danawilliams@example.com,1 (471) 208-2677,Retired,001aj00003rOxaWAAS
CL-00100,Katelyn,Castillo,manuel01@example.net,(580) 262-0672,Physician,001aj00003rOxaWAAS
CL-00101,Nancy,Castillo,evanscarrie@example.com,1-278-872-8743,Executive,001aj00003rOxaWAAS
CL-00102,Christopher,Rivera,lopezdonald@example.com,(104) 637-4549,Engineer,001aj00003rOxaXAAS
CL-00103,Jose,Rivera,heather01@example.com,1-426-841-4593,Business Owner,001aj00003rOxaXAAS
CL-00104,Susan,Rivera,vhernandez@example.net,1 (868) 783-3918,Director,001aj00003rOxaXAAS
CL-00105,Allison,Cox,brownamy@example.net,(898) 225-8713,Physician,001aj00003rOxaXAAS
CL-00106,Randy,Davis,reesebeth@example.org,+1 (351) 801-7046,Retired,001aj00003rOxaYAAS
CL-00107,Kayla,Davis,ybrooks@example.com,+1 (961) 825-1286,Director,001aj00003rOxaYAAS
CL-00108,Steven,Anderson,joshuapineda@example.net,106.903.3119,Attorney,001aj00003rOxaZAAS
CL-00109,Sean,Anderson,sanchezbradley@example.com,(683) 028-4395,Engineer,001aj00003rOxaZAAS
CL-00110,Angela,Young,comptonshelly@example.net,+1 (885) 662-4628,Executive,001aj00003rOxaaAAC
CL-00111,John,Young,kevinzimmerman@example.com,486-688-2634,Engineer,001aj00003rOxaaAAC
CL-00112,Morgan,Rivera,lindamatthews@example.net,(437) 354-0331 x739,Director,001aj00003rOxabAAC
CL-00113,Randy,Rivera,andrearowe@example.com,685-445-8771 x753,Retired,001aj00003rOxabAAC
CL-00114,Lawrence,Williams,joycesmith@example.net,+1 (942) 353-6937,Business Owner,001aj00003rOxabAAC
CL-00115,Jack,Pena,warrenmary@example.org,806-231-2038,Director,001aj00003rOxacAAC
CL-00116,Nathaniel,Pena,bhopkins@example.org,(286) 008-4840 x862,Retired,001aj00003rOxacAAC
CL-00117,Samantha,Warren,jamesfox@example.com,1-261-567-9334,Retired,001aj00003rOxacAAC
CL-00118,Desiree,Pena,davisnicholas@example.net,400-217-6591 x803,Business Owner,001aj00003rOxacAAC
CL-00119,Karen,Valenzuela,thickman@example.org,(196) 856-2185,Director,001aj00003rOxadAAC
CL-00120,Connor,Valenzuela,marypeterson@example.net,+1 (750) 477-3586,Executive,001aj00003rOxadAAC
CL-00121,Jacob,Valenzuela,nmiller@example.com,(211) 426-2655,Engineer,001aj00003rOxadAAC
CL-00122,Christopher,Valenzuela,sean41@example.org,226.788.8610,Business Owner,001aj00003rOxadAAC
CL-00123,Rebecca,Gomez,ashleyjackson@example.com,524 447 2126,Director,001aj00003rOxaeAAC
CL-00124,Robert,Gomez,xpatton@example.com,(779) 937-1240,Retired,001aj00003rOxaeAAC
CL-00125,Martin,Gomez,vbrock@example.com,1 (369) 245-9375,Consultant,001aj00003rOxaeAAC
CL-00126,Tamara,Gomez,kelly79@example.org,1 (364) 651-9398,Engineer,001aj00003rOxaeAAC
CL-00127,Jennifer,Maldonado,mjones@example.com,+1 (288) 680-5891,Executive,001aj00003rOxafAAC
CL-00128,Kayla,Maldonado,gabriel90@example.net,+1 (956) 101-4388,Consultant,001aj00003rOxafAAC
CL-00129,Beverly,Maldonado,seanmyers@example.net,(625) 071-4611 x254,Director,001aj00003rOxafAAC
CL-00130,Bradley,Gibson,johnsonmatthew@example.org,438 282 5867,Engineer,001aj00003rOxagAAC
CL-00131,Lauren,Gibson,jacobsandoval@example.com,593-796-6033,Attorney,001aj00003rOxagAAC
CL-00132,Karen,Stokes,raylauren@example.net,755 371 4785,Physician,001aj00003rOxagAAC
CL-00133,Lawrence,Carr,kevinwhite@example.net,886 692 9662,Consultant,001aj00003rOxahAAC
CL-00134,Cynthia,Carr,angelaburns@example.org,757 905 0723,Engineer,001aj00003rOxahAAC
CL-00135,Tamara,Wagner,fortiz@example.com,372-190-3404 x384,Physician,001aj00003rOxahAAC
CL-00136,Kimberly,Carr,hdunn@example.net,248.580.7836,Engineer,001aj00003rOxahAAC
CL-00137,Lisa,Fitzgerald,michelle96@example.org,333 095 8498,Director,001aj00003rOxaiAAC
CL-00138,Mario,Fitzgerald,keith48@example.net,426.042.2325,Attorney,001aj00003rOxaiAAC
CL-00139,Kathleen,Fitzgerald,kburns@example.net,1-866-711-6845,Physician,001aj00003rOxaiAAC
CL-00140,Stephanie,Fitzgerald,brandi17@example.net,1 (518) 636-3745,Executive,001aj00003rOxaiAAC
CL-00141,Scott,Morgan,braunronald@example.net,142 415 4152,Engineer,001aj00003rOxajAAC
CL-00142,Randy,Morgan,jessica36@example.net,810.371.2938,Business Owner,001aj00003rOxajAAC
CL-00143,Lawrence,Smith,derrick22@example.org,(290) 927-5326 x973,Director,001aj00003rOxakAAC
CL-00144,Peggy,Smith,karenlawrence@example.com,1 (565) 234-1389,Attorney,001aj00003rOxakAAC
CL-00145,Kimberly,Vaughn,jamie98@example.org,+1 (240) 376-1379,Attorney,001aj00003rOxakAAC
