Id,Client_External_ID__c,AccountId
003aj00002LIvnVAAT,CL-00001,001aj00003rOxZxAAK
003aj00002LIvnWAAT,CL-00002,001aj00003rOxZxAAK
003aj00002LIvnXAAT,CL-00003,001aj00003rOxZyAAK
003aj00002LIvnYAAT,CL-00004,001aj00003rOxZyAAK
003aj00002LIvnZAAT,CL-00005,001aj00003rOxZzAAK
003aj00002LIvnaAAD,CL-00006,001aj00003rOxZzAAK
003aj00002LIvnbAAD,CL-00007,001aj00003rOxZzAAK
003aj00002LIvncAAD,CL-00008,001aj00003rOxZzAAK
003aj00002LIvndAAD,CL-00009,001aj00003rOxa0AAC
003aj00002LIvneAAD,CL-00010,001aj00003rOxa0AAC
003aj00002LIvnfAAD,CL-00011,001aj00003rOxa1AAC
003aj00002LIvngAAD,CL-00012,001aj00003rOxa1AAC
003aj00002LIvnhAAD,CL-00013,001aj00003rOxa1AAC
003aj00002LIvniAAD,CL-00014,001aj00003rOxa1AAC
003aj00002LIvnjAAD,CL-00015,001aj00003rOxa2AAC
003aj00002LIvnkAAD,CL-00016,001aj00003rOxa2AAC
003aj00002LIvnlAAD,CL-00017,001aj00003rOxa2AAC
003aj00002LIvnmAAD,CL-00018,001aj00003rOxa3AAC
003aj00002LIvnnAAD,CL-00019,001aj00003rOxa3AAC
003aj00002LIvnoAAD,CL-00020,001aj00003rOxa3AAC
003aj00002LIvnpAAD,CL-00021,001aj00003rOxa4AAC
003aj00002LIvnqAAD,CL-00022,001aj00003rOxa4AAC
003aj00002LIvnrAAD,CL-00023,001aj00003rOxa4AAC
003aj00002LIvnsAAD,CL-00024,001aj00003rOxa5AAC
003aj00002LIvntAAD,CL-00025,001aj00003rOxa5AAC
003aj00002LIvnuAAD,CL-00026,001aj00003rOxa6AAC
003aj00002LIvnvAAD,CL-00027,001aj00003rOxa6AAC
003aj00002LIvnwAAD,CL-00028,001aj00003rOxa7AAC
003aj00002LIvnxAAD,CL-00029,001aj00003rOxa7AAC
003aj00002LIvnyAAD,CL-00030,001aj00003rOxa7AAC
003aj00002LIvnzAAD,CL-00031,001aj00003rOxa7AAC
003aj00002LIvo0AAD,CL-00032,001aj00003rOxa8AAC
003aj00002LIvo1AAD,CL-00033,001aj00003rOxa8AAC
003aj00002LIvo2AAD,CL-00034,001aj00003rOxa8AAC
003aj00002LIvo3AAD,CL-00035,001aj00003rOxa8AAC
003aj00002LIvo4AAD,CL-00036,001aj00003rOxa9AAC
003aj00002LIvo5AAD,CL-00037,001aj00003rOxa9AAC
003aj00002LIvo6AAD,CL-00038,001aj00003rOxa9AAC
003aj00002LIvo7AAD,CL-00039,001aj00003rOxaAAAS
003aj00002LIvo8AAD,CL-00040,001aj00003rOxaAAAS
003aj00002LIvo9AAD,CL-00041,001aj00003rOxaBAAS
003aj00002LIvoAAAT,CL-00042,001aj00003rOxaBAAS
003aj00002LIvoBAAT,CL-00043,001aj00003rOxaBAAS
003aj00002LIvoCAAT,CL-00044,001aj00003rOxaCAAS
003aj00002LIvoDAAT,CL-00045,001aj00003rOxaCAAS
003aj00002LIvoEAAT,CL-00046,001aj00003rOxaDAAS
003aj00002LIvoFAAT,CL-00047,001aj00003rOxaDAAS
003aj00002LIvoGAAT,CL-00048,001aj00003rOxaDAAS
003aj00002LIvoHAAT,CL-00049,001aj00003rOxaEAAS
003aj00002LIvoIAAT,CL-00050,001aj00003rOxaEAAS
003aj00002LIvoJAAT,CL-00051,001aj00003rOxaFAAS
003aj00002LIvoKAAT,CL-00052,001aj00003rOxaFAAS
003aj00002LIvoLAAT,CL-00053,001aj00003rOxaFAAS
003aj00002LIvoMAAT,CL-00054,001aj00003rOxaFAAS
003aj00002LIvoNAAT,CL-00055,001aj00003rOxaGAAS
003aj00002LIvoOAAT,CL-00056,001aj00003rOxaGAAS
003aj00002LIvoPAAT,CL-00057,001aj00003rOxaHAAS
003aj00002LIvoQAAT,CL-00058,001aj00003rOxaHAAS
003aj00002LIvoRAAT,CL-00059,001aj00003rOxaIAAS
003aj00002LIvoSAAT,CL-00060,001aj00003rOxaIAAS
003aj00002LIvoTAAT,CL-00061,001aj00003rOxaJAAS
003aj00002LIvoUAAT,CL-00062,001aj00003rOxaJAAS
003aj00002LIvoVAAT,CL-00063,001aj00003rOxaKAAS
003aj00002LIvoWAAT,CL-00064,001aj00003rOxaKAAS
003aj00002LIvoXAAT,CL-00065,001aj00003rOxaKAAS
003aj00002LIvoYAAT,CL-00066,001aj00003rOxaKAAS
003aj00002LIvoZAAT,CL-00067,001aj00003rOxaLAAS
003aj00002LIvoaAAD,CL-00068,001aj00003rOxaLAAS
003aj00002LIvobAAD,CL-00069,001aj00003rOxaLAAS
003aj00002LIvocAAD,CL-00070,001aj00003rOxaMAAS
003aj00002LIvodAAD,CL-00071,001aj00003rOxaMAAS
003aj00002LIvoeAAD,CL-00072,001aj00003rOxaNAAS
003aj00002LIvofAAD,CL-00073,001aj00003rOxaNAAS
003aj00002LIvogAAD,CL-00074,001aj00003rOxaOAAS
003aj00002LIvohAAD,CL-00075,001aj00003rOxaOAAS
003aj00002LIvoiAAD,CL-00076,001aj00003rOxaOAAS
003aj00002LIvojAAD,CL-00077,001aj00003rOxaOAAS
003aj00002LIvokAAD,CL-00078,001aj00003rOxaPAAS
003aj00002LIvolAAD,CL-00079,001aj00003rOxaPAAS
003aj00002LIvomAAD,CL-00080,001aj00003rOxaPAAS
003aj00002LIvonAAD,CL-00081,001aj00003rOxaQAAS
003aj00002LIvooAAD,CL-00082,001aj00003rOxaQAAS
003aj00002LIvopAAD,CL-00083,001aj00003rOxaRAAS
003aj00002LIvoqAAD,CL-00084,001aj00003rOxaRAAS
003aj00002LIvorAAD,CL-00085,001aj00003rOxaRAAS
003aj00002LIvosAAD,CL-00086,001aj00003rOxaRAAS
003aj00002LIvotAAD,CL-00087,001aj00003rOxaSAAS
003aj00002LIvouAAD,CL-00088,001aj00003rOxaSAAS
003aj00002LIvovAAD,CL-00089,001aj00003rOxaSAAS
003aj00002LIvowAAD,CL-00090,001aj00003rOxaSAAS
003aj00002LIvoxAAD,CL-00091,001aj00003rOxaTAAS
003aj00002LIvoyAAD,CL-00092,001aj00003rOxaTAAS
003aj00002LIvozAAD,CL-00093,001aj00003rOxaTAAS
003aj00002LIvp0AAD,CL-00094,001aj00003rOxaUAAS
003aj00002LIvp1AAD,CL-00095,001aj00003rOxaUAAS
003aj00002LIvp2AAD,CL-00096,001aj00003rOxaVAAS
003aj00002LIvp3AAD,CL-00097,001aj00003rOxaVAAS
003aj00002LIvp4AAD,CL-00098,001aj00003rOxaWAAS
003aj00002LIvp5AAD,CL-00099,001aj00003rOxaWAAS
003aj00002LIvp6AAD,CL-00100,001aj00003rOxaWAAS
003aj00002LIvp7AAD,CL-00101,001aj00003rOxaWAAS
003aj00002LIvp8AAD,CL-00102,001aj00003rOxaXAAS
003aj00002LIvp9AAD,CL-00103,001aj00003rOxaXAAS
003aj00002LIvpAAAT,CL-00104,001aj00003rOxaXAAS
003aj00002LIvpBAAT,CL-00105,001aj00003rOxaXAAS
003aj00002LIvpCAAT,CL-00106,001aj00003rOxaYAAS
003aj00002LIvpDAAT,CL-00107,001aj00003rOxaYAAS
003aj00002LIvpEAAT,CL-00108,001aj00003rOxaZAAS
003aj00002LIvpFAAT,CL-00109,001aj00003rOxaZAAS
003aj00002LIvpGAAT,CL-00110,001aj00003rOxaaAAC
003aj00002LIvpHAAT,CL-00111,001aj00003rOxaaAAC
003aj00002LIvpIAAT,CL-00112,001aj00003rOxabAAC
003aj00002LIvpJAAT,CL-00113,001aj00003rOxabAAC
003aj00002LIvpKAAT,CL-00114,001aj00003rOxabAAC
003aj00002LIvpLAAT,CL-00115,001aj00003rOxacAAC
003aj00002LIvpMAAT,CL-00116,001aj00003rOxacAAC
003aj00002LIvpNAAT,CL-00117,001aj00003rOxacAAC
003aj00002LIvpOAAT,CL-00118,001aj00003rOxacAAC
003aj00002LIvpPAAT,CL-00119,001aj00003rOxadAAC
003aj00002LIvpQAAT,CL-00120,001aj00003rOxadAAC
003aj00002LIvpRAAT,CL-00121,001aj00003rOxadAAC
003aj00002LIvpSAAT,CL-00122,001aj00003rOxadAAC
003aj00002LIvpTAAT,CL-00123,001aj00003rOxaeAAC
003aj00002LIvpUAAT,CL-00124,001aj00003rOxaeAAC
003aj00002LIvpVAAT,CL-00125,001aj00003rOxaeAAC
003aj00002LIvpWAAT,CL-00126,001aj00003rOxaeAAC
003aj00002LIvpXAAT,CL-00127,001aj00003rOxafAAC
003aj00002LIvpYAAT,CL-00128,001aj00003rOxafAAC
003aj00002LIvpZAAT,CL-00129,001aj00003rOxafAAC
003aj00002LIvpaAAD,CL-00130,001aj00003rOxagAAC
003aj00002LIvpbAAD,CL-00131,001aj00003rOxagAAC
003aj00002LIvpcAAD,CL-00132,001aj00003rOxagAAC
003aj00002LIvpdAAD,CL-00133,001aj00003rOxahAAC
003aj00002LIvpeAAD,CL-00134,001aj00003rOxahAAC
003aj00002LIvpfAAD,CL-00135,001aj00003rOxahAAC
003aj00002LIvpgAAD,CL-00136,001aj00003rOxahAAC
003aj00002LIvphAAD,CL-00137,001aj00003rOxaiAAC
003aj00002LIvpiAAD,CL-00138,001aj00003rOxaiAAC
003aj00002LIvpjAAD,CL-00139,001aj00003rOxaiAAC
003aj00002LIvpkAAD,CL-00140,001aj00003rOxaiAAC
003aj00002LIvplAAD,CL-00141,001aj00003rOxajAAC
003aj00002LIvpmAAD,CL-00142,001aj00003rOxajAAC
003aj00002LIvpnAAD,CL-00143,001aj00003rOxakAAC
003aj00002LIvpoAAD,CL-00144,001aj00003rOxakAAC
003aj00002LIvppAAD,CL-00145,001aj00003rOxakAAC
