Holding_ID,Portfolio_Account_ID,Symbol,Security_Name,Asset_Class,Market_Value,Portfolio_Weight
HLD-000001,PA-00001,MSFT,Microsoft Corp.,Equity,24793.62,32.53
HLD-000002,PA-00001,SPY,SPDR S&P 500 ETF,ETF,19313.05,25.34
HLD-000003,PA-00001,BND,Vanguard Total Bond Market ETF,ETF,20579.38,27.0
HLD-000004,PA-00001,AAPL,Apple Inc.,Equity,4900.77,6.43
HLD-000005,PA-00001,GOOGL,Alphabet Inc.,Equity,6638.17,8.71
HLD-000006,PA-00002,MSFT,Microsoft Corp.,Equity,178949.14,24.46
HLD-000007,PA-00002,AMZN,Amazon.com Inc.,Equity,102796.74,14.05
HLD-000008,PA-00002,VTI,Vanguard Total Stock Market ETF,ETF,63480.74,8.68
HLD-000009,PA-00002,GOOGL,Alphabet Inc.,Equity,234075.43,32.0
HLD-000010,PA-00002,AAPL,Apple Inc.,Equity,102018.81,13.95
HLD-000011,PA-00002,BND,Vanguard Total Bond Market ETF,ETF,50132.14,6.85
HLD-000012,PA-00003,VTI,Vanguard Total Stock Market ETF,ETF,20671.9,21.63
HLD-000013,PA-00003,AAPL,Apple Inc.,Equity,16188.13,16.94
HLD-000014,PA-00003,AMZN,Amazon.com Inc.,Equity,21358.7,22.35
HLD-000015,PA-00003,BND,Vanguard Total Bond Market ETF,ETF,15312.84,16.02
HLD-000016,PA-00003,GOOGL,Alphabet Inc.,Equity,18017.74,18.85
HLD-000017,PA-00003,MSFT,Microsoft Corp.,Equity,4011.68,4.2
HLD-000018,PA-00004,GOOGL,Alphabet Inc.,Equity,14853.25,9.53
HLD-000019,PA-00004,AMZN,Amazon.com Inc.,Equity,17275.82,11.08
HLD-000020,PA-00004,SPY,SPDR S&P 500 ETF,ETF,45504.79,29.19
HLD-000021,PA-00004,MSFT,Microsoft Corp.,Equity,33338.59,21.38
HLD-000022,PA-00004,BND,Vanguard Total Bond Market ETF,ETF,31698.65,20.33
HLD-000023,PA-00004,VTI,Vanguard Total Stock Market ETF,ETF,13235.9,8.49
HLD-000024,PA-00005,BND,Vanguard Total Bond Market ETF,ETF,260953.12,36.19
HLD-000025,PA-00005,GOOGL,Alphabet Inc.,Equity,256420.19,35.56
HLD-000026,PA-00005,AAPL,Apple Inc.,Equity,147165.07,20.41
HLD-000027,PA-00005,MSFT,Microsoft Corp.,Equity,56549.62,7.84
HLD-000028,PA-00006,AMZN,Amazon.com Inc.,Equity,27905.63,10.22
HLD-000029,PA-00006,BND,Vanguard Total Bond Market ETF,ETF,50456.03,18.49
HLD-000030,PA-00006,SPY,SPDR S&P 500 ETF,ETF,29060.17,10.65
HLD-000031,PA-00006,MSFT,Microsoft Corp.,Equity,52119.53,19.09
HLD-000032,PA-00006,VTI,Vanguard Total Stock Market ETF,ETF,74562.2,27.32
HLD-000033,PA-00006,AAPL,Apple Inc.,Equity,38851.44,14.23
HLD-000034,PA-00007,SPY,SPDR S&P 500 ETF,ETF,49309.1,33.93
HLD-000035,PA-00007,AAPL,Apple Inc.,Equity,59847.7,41.18
HLD-000036,PA-00007,MSFT,Microsoft Corp.,Equity,36168.2,24.89
HLD-000037,PA-00008,VTI,Vanguard Total Stock Market ETF,ETF,130921.6,21.65
HLD-000038,PA-00008,AAPL,Apple Inc.,Equity,118270.67,19.55
HLD-000039,PA-00008,BND,Vanguard Total Bond Market ETF,ETF,81587.35,13.49
HLD-000040,PA-00008,GOOGL,Alphabet Inc.,Equity,39599.74,6.55
HLD-000041,PA-00008,AMZN,Amazon.com Inc.,Equity,234436.62,38.76
HLD-000042,PA-00009,SPY,SPDR S&P 500 ETF,ETF,290027.74,49.8
HLD-000043,PA-00009,BND,Vanguard Total Bond Market ETF,ETF,191634.11,32.91
HLD-000044,PA-00009,GOOGL,Alphabet Inc.,Equity,100680.15,17.29
HLD-000045,PA-00010,AMZN,Amazon.com Inc.,Equity,100760.78,14.86
HLD-000046,PA-00010,AAPL,Apple Inc.,Equity,101134.85,14.92
HLD-000047,PA-00010,BND,Vanguard Total Bond Market ETF,ETF,187182.73,27.61
HLD-000048,PA-00010,GOOGL,Alphabet Inc.,Equity,58408.23,8.61
HLD-000049,PA-00010,MSFT,Microsoft Corp.,Equity,230551.4,34.0
HLD-000050,PA-00011,VTI,Vanguard Total Stock Market ETF,ETF,36195.92,19.6
HLD-000051,PA-00011,MSFT,Microsoft Corp.,Equity,22917.27,12.41
HLD-000052,PA-00011,GOOGL,Alphabet Inc.,Equity,34450.77,18.66
HLD-000053,PA-00011,AMZN,Amazon.com Inc.,Equity,21835.72,11.83
HLD-000054,PA-00011,AAPL,Apple Inc.,Equity,44090.84,23.88
HLD-000055,PA-00011,SPY,SPDR S&P 500 ETF,ETF,25137.47,13.62
HLD-000056,PA-00012,VTI,Vanguard Total Stock Market ETF,ETF,394805.7,59.2
HLD-000057,PA-00012,MSFT,Microsoft Corp.,Equity,93622.54,14.04
HLD-000058,PA-00012,AAPL,Apple Inc.,Equity,97579.68,14.63
HLD-000059,PA-00012,SPY,SPDR S&P 500 ETF,ETF,80878.08,12.13
HLD-000060,PA-00013,BND,Vanguard Total Bond Market ETF,ETF,59242.58,21.57
HLD-000061,PA-00013,VTI,Vanguard Total Stock Market ETF,ETF,94552.15,34.43
HLD-000062,PA-00013,SPY,SPDR S&P 500 ETF,ETF,84432.13,30.74
HLD-000063,PA-00013,AMZN,Amazon.com Inc.,Equity,36416.14,13.26
HLD-000064,PA-00014,BND,Vanguard Total Bond Market ETF,ETF,54417.85,10.08
HLD-000065,PA-00014,SPY,SPDR S&P 500 ETF,ETF,232967.23,43.17
HLD-000066,PA-00014,AAPL,Apple Inc.,Equity,252324.92,46.75
HLD-000067,PA-00015,MSFT,Microsoft Corp.,Equity,48951.56,24.85
HLD-000068,PA-00015,GOOGL,Alphabet Inc.,Equity,51419.76,26.1
HLD-000069,PA-00015,AMZN,Amazon.com Inc.,Equity,12394.7,6.29
HLD-000070,PA-00015,SPY,SPDR S&P 500 ETF,ETF,40926.95,20.78
HLD-000071,PA-00015,AAPL,Apple Inc.,Equity,35183.96,17.86
HLD-000072,PA-00015,VTI,Vanguard Total Stock Market ETF,ETF,8114.07,4.12
HLD-000073,PA-00016,AMZN,Amazon.com Inc.,Equity,28223.92,12.58
HLD-000074,PA-00016,SPY,SPDR S&P 500 ETF,ETF,61018.43,27.19
HLD-000075,PA-00016,MSFT,Microsoft Corp.,Equity,22070.51,9.84
HLD-000076,PA-00016,BND,Vanguard Total Bond Market ETF,ETF,50134.18,22.34
HLD-000077,PA-00016,AAPL,Apple Inc.,Equity,32336.39,14.41
HLD-000078,PA-00016,GOOGL,Alphabet Inc.,Equity,30605.58,13.64
HLD-000079,PA-00017,GOOGL,Alphabet Inc.,Equity,76773.11,36.16
HLD-000080,PA-00017,MSFT,Microsoft Corp.,Equity,17238.19,8.12
HLD-000081,PA-00017,AAPL,Apple Inc.,Equity,62656.79,29.51
HLD-000082,PA-00017,VTI,Vanguard Total Stock Market ETF,ETF,55647.91,26.21
HLD-000083,PA-00018,VTI,Vanguard Total Stock Market ETF,ETF,57109.79,23.32
HLD-000084,PA-00018,AAPL,Apple Inc.,Equity,113298.93,46.27
HLD-000085,PA-00018,MSFT,Microsoft Corp.,Equity,74442.28,30.4
HLD-000086,PA-00019,GOOGL,Alphabet Inc.,Equity,83723.93,17.1
HLD-000087,PA-00019,MSFT,Microsoft Corp.,Equity,126609.11,25.86
HLD-000088,PA-00019,SPY,SPDR S&P 500 ETF,ETF,68835.01,14.06
HLD-000089,PA-00019,BND,Vanguard Total Bond Market ETF,ETF,71349.97,14.57
HLD-000090,PA-00019,AMZN,Amazon.com Inc.,Equity,139070.99,28.41
HLD-000091,PA-00020,VTI,Vanguard Total Stock Market ETF,ETF,45412.63,35.81
HLD-000092,PA-00020,GOOGL,Alphabet Inc.,Equity,45341.93,35.75
HLD-000093,PA-00020,MSFT,Microsoft Corp.,Equity,22729.54,17.92
HLD-000094,PA-00020,BND,Vanguard Total Bond Market ETF,ETF,13334.9,10.51
HLD-000095,PA-00021,BND,Vanguard Total Bond Market ETF,ETF,217787.91,34.49
HLD-000096,PA-00021,AAPL,Apple Inc.,Equity,186720.48,29.57
HLD-000097,PA-00021,MSFT,Microsoft Corp.,Equity,62918.0,9.96
HLD-000098,PA-00021,GOOGL,Alphabet Inc.,Equity,89558.75,14.18
HLD-000099,PA-00021,SPY,SPDR S&P 500 ETF,ETF,74556.85,11.81
HLD-000100,PA-00022,GOOGL,Alphabet Inc.,Equity,22205.11,3.83
HLD-000101,PA-00022,AAPL,Apple Inc.,Equity,138624.02,23.9
HLD-000102,PA-00022,BND,Vanguard Total Bond Market ETF,ETF,118299.17,20.4
HLD-000103,PA-00022,AMZN,Amazon.com Inc.,Equity,61398.44,10.59
HLD-000104,PA-00022,MSFT,Microsoft Corp.,Equity,134090.82,23.12
HLD-000105,PA-00022,VTI,Vanguard Total Stock Market ETF,ETF,105341.44,18.16
HLD-000106,PA-00023,SPY,SPDR S&P 500 ETF,ETF,98748.53,47.87
HLD-000107,PA-00023,GOOGL,Alphabet Inc.,Equity,81318.93,39.42
HLD-000108,PA-00023,VTI,Vanguard Total Stock Market ETF,ETF,26226.54,12.71
HLD-000109,PA-00024,BND,Vanguard Total Bond Market ETF,ETF,87301.09,32.3
HLD-000110,PA-00024,AAPL,Apple Inc.,Equity,69761.09,25.81
HLD-000111,PA-00024,GOOGL,Alphabet Inc.,Equity,83542.82,30.91
HLD-000112,PA-00024,AMZN,Amazon.com Inc.,Equity,29676.0,10.98
HLD-000113,PA-00025,BND,Vanguard Total Bond Market ETF,ETF,11946.21,15.72
HLD-000114,PA-00025,GOOGL,Alphabet Inc.,Equity,27126.55,35.7
HLD-000115,PA-00025,AMZN,Amazon.com Inc.,Equity,7318.05,9.63
HLD-000116,PA-00025,MSFT,Microsoft Corp.,Equity,29599.19,38.95
HLD-000117,PA-00026,MSFT,Microsoft Corp.,Equity,57912.89,15.65
HLD-000118,PA-00026,AAPL,Apple Inc.,Equity,123812.53,33.46
HLD-000119,PA-00026,SPY,SPDR S&P 500 ETF,ETF,136416.91,36.87
HLD-000120,PA-00026,AMZN,Amazon.com Inc.,Equity,51872.67,14.02
HLD-000121,PA-00027,GOOGL,Alphabet Inc.,Equity,49440.2,62.63
HLD-000122,PA-00027,MSFT,Microsoft Corp.,Equity,18262.85,23.13
HLD-000123,PA-00027,VTI,Vanguard Total Stock Market ETF,ETF,11237.95,14.24
HLD-000124,PA-00028,AMZN,Amazon.com Inc.,Equity,195586.63,28.53
HLD-000125,PA-00028,VTI,Vanguard Total Stock Market ETF,ETF,418959.75,61.1
HLD-000126,PA-00028,MSFT,Microsoft Corp.,Equity,71109.62,10.37
HLD-000127,PA-00029,AAPL,Apple Inc.,Equity,113142.56,26.2
HLD-000128,PA-00029,BND,Vanguard Total Bond Market ETF,ETF,58128.67,13.46
HLD-000129,PA-00029,GOOGL,Alphabet Inc.,Equity,59304.2,13.73
HLD-000130,PA-00029,VTI,Vanguard Total Stock Market ETF,ETF,72303.52,16.74
HLD-000131,PA-00029,AMZN,Amazon.com Inc.,Equity,71517.52,16.56
HLD-000132,PA-00029,SPY,SPDR S&P 500 ETF,ETF,57516.52,13.32
HLD-000133,PA-00030,AMZN,Amazon.com Inc.,Equity,79686.75,11.46
HLD-000134,PA-00030,VTI,Vanguard Total Stock Market ETF,ETF,209603.53,30.14
HLD-000135,PA-00030,AAPL,Apple Inc.,Equity,169178.4,24.33
HLD-000136,PA-00030,GOOGL,Alphabet Inc.,Equity,104981.97,15.1
HLD-000137,PA-00030,MSFT,Microsoft Corp.,Equity,131963.34,18.98
HLD-000138,PA-00031,GOOGL,Alphabet Inc.,Equity,151784.64,20.49
HLD-000139,PA-00031,VTI,Vanguard Total Stock Market ETF,ETF,305217.09,41.2
HLD-000140,PA-00031,BND,Vanguard Total Bond Market ETF,ETF,283853.27,38.31
HLD-000141,PA-00032,MSFT,Microsoft Corp.,Equity,42507.93,56.22
HLD-000142,PA-00032,AMZN,Amazon.com Inc.,Equity,9236.74,12.22
HLD-000143,PA-00032,VTI,Vanguard Total Stock Market ETF,ETF,23866.33,31.56
HLD-000144,PA-00033,MSFT,Microsoft Corp.,Equity,49544.98,8.72
HLD-000145,PA-00033,SPY,SPDR S&P 500 ETF,ETF,171110.02,30.1
HLD-000146,PA-00033,AAPL,Apple Inc.,Equity,102715.9,18.07
HLD-000147,PA-00033,VTI,Vanguard Total Stock Market ETF,ETF,30011.32,5.28
HLD-000148,PA-00033,BND,Vanguard Total Bond Market ETF,ETF,60940.41,10.72
HLD-000149,PA-00033,AMZN,Amazon.com Inc.,Equity,154069.37,27.11
HLD-000150,PA-00034,SPY,SPDR S&P 500 ETF,ETF,68674.32,13.36
HLD-000151,PA-00034,VTI,Vanguard Total Stock Market ETF,ETF,103618.8,20.16
HLD-000152,PA-00034,AMZN,Amazon.com Inc.,Equity,113821.16,22.14
HLD-000153,PA-00034,MSFT,Microsoft Corp.,Equity,48664.99,9.47
HLD-000154,PA-00034,GOOGL,Alphabet Inc.,Equity,106618.38,20.74
HLD-000155,PA-00034,BND,Vanguard Total Bond Market ETF,ETF,72673.35,14.14
HLD-000156,PA-00035,GOOGL,Alphabet Inc.,Equity,42811.35,14.47
HLD-000157,PA-00035,SPY,SPDR S&P 500 ETF,ETF,76660.2,25.91
HLD-000158,PA-00035,VTI,Vanguard Total Stock Market ETF,ETF,43099.19,14.57
HLD-000159,PA-00035,AAPL,Apple Inc.,Equity,52012.78,17.58
HLD-000160,PA-00035,AMZN,Amazon.com Inc.,Equity,81300.49,27.48
HLD-000161,PA-00036,SPY,SPDR S&P 500 ETF,ETF,112018.15,22.84
HLD-000162,PA-00036,VTI,Vanguard Total Stock Market ETF,ETF,45553.32,9.29
HLD-000163,PA-00036,AAPL,Apple Inc.,Equity,54981.8,11.21
HLD-000164,PA-00036,AMZN,Amazon.com Inc.,Equity,106745.36,21.76
HLD-000165,PA-00036,MSFT,Microsoft Corp.,Equity,100975.96,20.58
HLD-000166,PA-00036,BND,Vanguard Total Bond Market ETF,ETF,70277.41,14.33
HLD-000167,PA-00037,AMZN,Amazon.com Inc.,Equity,48729.63,17.4
HLD-000168,PA-00037,SPY,SPDR S&P 500 ETF,ETF,56489.85,20.17
HLD-000169,PA-00037,AAPL,Apple Inc.,Equity,52049.85,18.58
HLD-000170,PA-00037,BND,Vanguard Total Bond Market ETF,ETF,59033.0,21.08
HLD-000171,PA-00037,MSFT,Microsoft Corp.,Equity,63777.67,22.77
HLD-000172,PA-00038,MSFT,Microsoft Corp.,Equity,15884.47,11.51
HLD-000173,PA-00038,AMZN,Amazon.com Inc.,Equity,20186.45,14.63
HLD-000174,PA-00038,SPY,SPDR S&P 500 ETF,ETF,16227.28,11.76
HLD-000175,PA-00038,AAPL,Apple Inc.,Equity,34541.66,25.03
HLD-000176,PA-00038,VTI,Vanguard Total Stock Market ETF,ETF,14225.92,10.31
HLD-000177,PA-00038,GOOGL,Alphabet Inc.,Equity,36959.21,26.78
HLD-000178,PA-00039,GOOGL,Alphabet Inc.,Equity,24843.61,35.33
HLD-000179,PA-00039,MSFT,Microsoft Corp.,Equity,21362.66,30.38
HLD-000180,PA-00039,AAPL,Apple Inc.,Equity,24117.73,34.3
HLD-000181,PA-00040,AMZN,Amazon.com Inc.,Equity,80462.21,26.81
HLD-000182,PA-00040,BND,Vanguard Total Bond Market ETF,ETF,52826.13,17.6
HLD-000183,PA-00040,AAPL,Apple Inc.,Equity,67737.0,22.57
HLD-000184,PA-00040,MSFT,Microsoft Corp.,Equity,99106.67,33.02
HLD-000185,PA-00041,GOOGL,Alphabet Inc.,Equity,54527.07,33.38
HLD-000186,PA-00041,VTI,Vanguard Total Stock Market ETF,ETF,86702.94,53.08
HLD-000187,PA-00041,AMZN,Amazon.com Inc.,Equity,22118.98,13.54
HLD-000188,PA-00042,SPY,SPDR S&P 500 ETF,ETF,211487.29,31.12
HLD-000189,PA-00042,VTI,Vanguard Total Stock Market ETF,ETF,246518.28,36.28
HLD-000190,PA-00042,AAPL,Apple Inc.,Equity,221571.43,32.6
HLD-000191,PA-00043,GOOGL,Alphabet Inc.,Equity,30248.36,18.83
HLD-000192,PA-00043,BND,Vanguard Total Bond Market ETF,ETF,38242.28,23.8
HLD-000193,PA-00043,AMZN,Amazon.com Inc.,Equity,14248.23,8.87
HLD-000194,PA-00043,MSFT,Microsoft Corp.,Equity,32815.62,20.42
HLD-000195,PA-00043,VTI,Vanguard Total Stock Market ETF,ETF,23498.53,14.63
HLD-000196,PA-00043,AAPL,Apple Inc.,Equity,21611.99,13.45
HLD-000197,PA-00044,SPY,SPDR S&P 500 ETF,ETF,66113.21,17.04
HLD-000198,PA-00044,AAPL,Apple Inc.,Equity,103868.56,26.77
HLD-000199,PA-00044,GOOGL,Alphabet Inc.,Equity,128764.1,33.19
HLD-000200,PA-00044,AMZN,Amazon.com Inc.,Equity,89214.13,23.0
HLD-000201,PA-00045,SPY,SPDR S&P 500 ETF,ETF,84054.36,30.85
HLD-000202,PA-00045,GOOGL,Alphabet Inc.,Equity,41738.91,15.32
HLD-000203,PA-00045,BND,Vanguard Total Bond Market ETF,ETF,15237.43,5.59
HLD-000204,PA-00045,VTI,Vanguard Total Stock Market ETF,ETF,108639.95,39.88
HLD-000205,PA-00045,AMZN,Amazon.com Inc.,Equity,22752.34,8.35
HLD-000206,PA-00046,AMZN,Amazon.com Inc.,Equity,156999.25,21.59
HLD-000207,PA-00046,AAPL,Apple Inc.,Equity,84470.21,11.61
HLD-000208,PA-00046,BND,Vanguard Total Bond Market ETF,ETF,136264.34,18.74
HLD-000209,PA-00046,GOOGL,Alphabet Inc.,Equity,115893.69,15.94
HLD-000210,PA-00046,VTI,Vanguard Total Stock Market ETF,ETF,126739.99,17.43
HLD-000211,PA-00046,MSFT,Microsoft Corp.,Equity,106910.51,14.7
HLD-000212,PA-00047,GOOGL,Alphabet Inc.,Equity,34603.51,10.36
HLD-000213,PA-00047,MSFT,Microsoft Corp.,Equity,89501.02,26.79
HLD-000214,PA-00047,AAPL,Apple Inc.,Equity,119345.94,35.72
HLD-000215,PA-00047,BND,Vanguard Total Bond Market ETF,ETF,43253.35,12.95
HLD-000216,PA-00047,AMZN,Amazon.com Inc.,Equity,47372.19,14.18
HLD-000217,PA-00048,GOOGL,Alphabet Inc.,Equity,39443.42,25.38
HLD-000218,PA-00048,MSFT,Microsoft Corp.,Equity,75397.84,48.52
HLD-000219,PA-00048,SPY,SPDR S&P 500 ETF,ETF,23875.64,15.36
HLD-000220,PA-00048,BND,Vanguard Total Bond Market ETF,ETF,16692.1,10.74
HLD-000221,PA-00049,AAPL,Apple Inc.,Equity,111101.55,15.46
HLD-000222,PA-00049,SPY,SPDR S&P 500 ETF,ETF,62323.2,8.67
HLD-000223,PA-00049,VTI,Vanguard Total Stock Market ETF,ETF,36994.21,5.15
HLD-000224,PA-00049,GOOGL,Alphabet Inc.,Equity,206445.94,28.72
HLD-000225,PA-00049,MSFT,Microsoft Corp.,Equity,118198.25,16.44
HLD-000226,PA-00049,AMZN,Amazon.com Inc.,Equity,183790.85,25.57
HLD-000227,PA-00050,SPY,SPDR S&P 500 ETF,ETF,77816.89,37.22
HLD-000228,PA-00050,VTI,Vanguard Total Stock Market ETF,ETF,17887.64,8.55
HLD-000229,PA-00050,GOOGL,Alphabet Inc.,Equity,62108.41,29.7
HLD-000230,PA-00050,AAPL,Apple Inc.,Equity,51284.06,24.53
HLD-000231,PA-00051,GOOGL,Alphabet Inc.,Equity,92849.93,17.77
HLD-000232,PA-00051,VTI,Vanguard Total Stock Market ETF,ETF,108947.27,20.86
HLD-000233,PA-00051,AMZN,Amazon.com Inc.,Equity,134550.92,25.76
HLD-000234,PA-00051,SPY,SPDR S&P 500 ETF,ETF,43266.29,8.28
HLD-000235,PA-00051,BND,Vanguard Total Bond Market ETF,ETF,43665.75,8.36
HLD-000236,PA-00051,AAPL,Apple Inc.,Equity,99117.83,18.97
HLD-000237,PA-00052,AMZN,Amazon.com Inc.,Equity,107622.17,50.26
HLD-000238,PA-00052,SPY,SPDR S&P 500 ETF,ETF,30822.95,14.39
HLD-000239,PA-00052,VTI,Vanguard Total Stock Market ETF,ETF,75690.88,35.35
HLD-000240,PA-00053,AMZN,Amazon.com Inc.,Equity,85542.77,26.13
HLD-000241,PA-00053,AAPL,Apple Inc.,Equity,113762.62,34.75
HLD-000242,PA-00053,VTI,Vanguard Total Stock Market ETF,ETF,104912.8,32.04
HLD-000243,PA-00053,MSFT,Microsoft Corp.,Equity,23186.82,7.08
HLD-000244,PA-00054,AMZN,Amazon.com Inc.,Equity,167271.15,32.77
HLD-000245,PA-00054,BND,Vanguard Total Bond Market ETF,ETF,215500.11,42.21
HLD-000246,PA-00054,GOOGL,Alphabet Inc.,Equity,127713.75,25.02
HLD-000247,PA-00055,VTI,Vanguard Total Stock Market ETF,ETF,110310.74,21.93
HLD-000248,PA-00055,GOOGL,Alphabet Inc.,Equity,97734.43,19.43
HLD-000249,PA-00055,AAPL,Apple Inc.,Equity,71697.68,14.25
HLD-000250,PA-00055,SPY,SPDR S&P 500 ETF,ETF,109199.93,21.71
HLD-000251,PA-00055,AMZN,Amazon.com Inc.,Equity,114071.21,22.68
HLD-000252,PA-00056,VTI,Vanguard Total Stock Market ETF,ETF,53041.17,22.7
HLD-000253,PA-00056,BND,Vanguard Total Bond Market ETF,ETF,43283.45,18.52
HLD-000254,PA-00056,AMZN,Amazon.com Inc.,Equity,15967.39,6.83
HLD-000255,PA-00056,GOOGL,Alphabet Inc.,Equity,33477.59,14.33
HLD-000256,PA-00056,AAPL,Apple Inc.,Equity,32478.16,13.9
HLD-000257,PA-00056,MSFT,Microsoft Corp.,Equity,55452.23,23.73
HLD-000258,PA-00057,SPY,SPDR S&P 500 ETF,ETF,37738.21,10.71
HLD-000259,PA-00057,VTI,Vanguard Total Stock Market ETF,ETF,24707.65,7.01
HLD-000260,PA-00057,AAPL,Apple Inc.,Equity,87400.96,24.81
HLD-000261,PA-00057,AMZN,Amazon.com Inc.,Equity,96219.55,27.32
HLD-000262,PA-00057,BND,Vanguard Total Bond Market ETF,ETF,92402.02,26.23
HLD-000263,PA-00057,MSFT,Microsoft Corp.,Equity,13749.6,3.9
HLD-000264,PA-00058,VTI,Vanguard Total Stock Market ETF,ETF,36560.11,14.82
HLD-000265,PA-00058,AMZN,Amazon.com Inc.,Equity,24426.46,9.9
HLD-000266,PA-00058,BND,Vanguard Total Bond Market ETF,ETF,38430.68,15.58
HLD-000267,PA-00058,AAPL,Apple Inc.,Equity,91303.98,37.01
HLD-000268,PA-00058,SPY,SPDR S&P 500 ETF,ETF,55972.78,22.69
HLD-000269,PA-00059,VTI,Vanguard Total Stock Market ETF,ETF,22765.02,10.54
HLD-000270,PA-00059,AAPL,Apple Inc.,Equity,60961.19,28.21
HLD-000271,PA-00059,SPY,SPDR S&P 500 ETF,ETF,15875.3,7.35
HLD-000272,PA-00059,AMZN,Amazon.com Inc.,Equity,67505.03,31.24
HLD-000273,PA-00059,BND,Vanguard Total Bond Market ETF,ETF,48964.46,22.66
HLD-000274,PA-00060,AMZN,Amazon.com Inc.,Equity,101456.28,20.89
HLD-000275,PA-00060,MSFT,Microsoft Corp.,Equity,62042.28,12.77
HLD-000276,PA-00060,SPY,SPDR S&P 500 ETF,ETF,97402.52,20.06
HLD-000277,PA-00060,BND,Vanguard Total Bond Market ETF,ETF,95944.67,19.75
HLD-000278,PA-00060,VTI,Vanguard Total Stock Market ETF,ETF,39935.92,8.22
HLD-000279,PA-00060,AAPL,Apple Inc.,Equity,88891.33,18.3
HLD-000280,PA-00061,BND,Vanguard Total Bond Market ETF,ETF,9960.92,18.91
HLD-000281,PA-00061,GOOGL,Alphabet Inc.,Equity,10599.64,20.12
HLD-000282,PA-00061,VTI,Vanguard Total Stock Market ETF,ETF,8032.51,15.25
HLD-000283,PA-00061,AMZN,Amazon.com Inc.,Equity,15306.81,29.05
HLD-000284,PA-00061,AAPL,Apple Inc.,Equity,8789.12,16.68
HLD-000285,PA-00062,MSFT,Microsoft Corp.,Equity,105431.81,16.23
HLD-000286,PA-00062,AMZN,Amazon.com Inc.,Equity,118631.97,18.26
HLD-000287,PA-00062,AAPL,Apple Inc.,Equity,65755.99,10.12
HLD-000288,PA-00062,GOOGL,Alphabet Inc.,Equity,100267.78,15.44
HLD-000289,PA-00062,BND,Vanguard Total Bond Market ETF,ETF,119792.93,18.44
HLD-000290,PA-00062,SPY,SPDR S&P 500 ETF,ETF,139692.51,21.51
HLD-000291,PA-00063,AAPL,Apple Inc.,Equity,22270.98,14.35
HLD-000292,PA-00063,VTI,Vanguard Total Stock Market ETF,ETF,32132.86,20.7
HLD-000293,PA-00063,AMZN,Amazon.com Inc.,Equity,11973.44,7.71
HLD-000294,PA-00063,SPY,SPDR S&P 500 ETF,ETF,24668.42,15.89
HLD-000295,PA-00063,GOOGL,Alphabet Inc.,Equity,44799.36,28.86
HLD-000296,PA-00063,BND,Vanguard Total Bond Market ETF,ETF,19393.94,12.49
HLD-000297,PA-00064,GOOGL,Alphabet Inc.,Equity,68508.13,11.24
HLD-000298,PA-00064,BND,Vanguard Total Bond Market ETF,ETF,150078.66,24.62
HLD-000299,PA-00064,AMZN,Amazon.com Inc.,Equity,78052.27,12.81
HLD-000300,PA-00064,AAPL,Apple Inc.,Equity,67186.69,11.02
HLD-000301,PA-00064,SPY,SPDR S&P 500 ETF,ETF,42313.13,6.94
HLD-000302,PA-00064,VTI,Vanguard Total Stock Market ETF,ETF,203404.12,33.37
HLD-000303,PA-00065,AAPL,Apple Inc.,Equity,39598.79,17.64
HLD-000304,PA-00065,SPY,SPDR S&P 500 ETF,ETF,45303.64,20.18
HLD-000305,PA-00065,GOOGL,Alphabet Inc.,Equity,30573.04,13.62
HLD-000306,PA-00065,BND,Vanguard Total Bond Market ETF,ETF,43831.68,19.53
HLD-000307,PA-00065,MSFT,Microsoft Corp.,Equity,65138.85,29.02
HLD-000308,PA-00066,AMZN,Amazon.com Inc.,Equity,272479.5,38.94
HLD-000309,PA-00066,VTI,Vanguard Total Stock Market ETF,ETF,179019.86,25.58
HLD-000310,PA-00066,MSFT,Microsoft Corp.,Equity,179628.59,25.67
HLD-000311,PA-00066,BND,Vanguard Total Bond Market ETF,ETF,68685.04,9.81
HLD-000312,PA-00067,GOOGL,Alphabet Inc.,Equity,19316.05,15.16
HLD-000313,PA-00067,VTI,Vanguard Total Stock Market ETF,ETF,14332.72,11.25
HLD-000314,PA-00067,SPY,SPDR S&P 500 ETF,ETF,36791.14,28.87
HLD-000315,PA-00067,AMZN,Amazon.com Inc.,Equity,32087.26,25.18
HLD-000316,PA-00067,BND,Vanguard Total Bond Market ETF,ETF,8036.71,6.31
HLD-000317,PA-00067,MSFT,Microsoft Corp.,Equity,16885.12,13.25
HLD-000318,PA-00068,GOOGL,Alphabet Inc.,Equity,15418.86,21.12
HLD-000319,PA-00068,AAPL,Apple Inc.,Equity,16526.58,22.64
HLD-000320,PA-00068,VTI,Vanguard Total Stock Market ETF,ETF,14516.54,19.88
HLD-000321,PA-00068,BND,Vanguard Total Bond Market ETF,ETF,5894.11,8.07
HLD-000322,PA-00068,SPY,SPDR S&P 500 ETF,ETF,14930.44,20.45
HLD-000323,PA-00068,MSFT,Microsoft Corp.,Equity,5718.48,7.83
HLD-000324,PA-00069,BND,Vanguard Total Bond Market ETF,ETF,182156.39,25.7
HLD-000325,PA-00069,SPY,SPDR S&P 500 ETF,ETF,235333.0,33.2
HLD-000326,PA-00069,AAPL,Apple Inc.,Equity,291275.61,41.1
HLD-000327,PA-00070,MSFT,Microsoft Corp.,Equity,79538.92,20.26
HLD-000328,PA-00070,SPY,SPDR S&P 500 ETF,ETF,32673.23,8.32
HLD-000329,PA-00070,BND,Vanguard Total Bond Market ETF,ETF,79066.35,20.14
HLD-000330,PA-00070,GOOGL,Alphabet Inc.,Equity,51049.87,13.0
HLD-000331,PA-00070,AMZN,Amazon.com Inc.,Equity,77578.97,19.76
HLD-000332,PA-00070,VTI,Vanguard Total Stock Market ETF,ETF,72681.66,18.51
HLD-000333,PA-00071,SPY,SPDR S&P 500 ETF,ETF,31897.33,16.14
HLD-000334,PA-00071,BND,Vanguard Total Bond Market ETF,ETF,73523.06,37.21
HLD-000335,PA-00071,AMZN,Amazon.com Inc.,Equity,55722.61,28.2
HLD-000336,PA-00071,GOOGL,Alphabet Inc.,Equity,36450.99,18.45
HLD-000337,PA-00072,AAPL,Apple Inc.,Equity,142023.64,19.74
HLD-000338,PA-00072,BND,Vanguard Total Bond Market ETF,ETF,202309.28,28.12
HLD-000339,PA-00072,MSFT,Microsoft Corp.,Equity,87714.31,12.19
HLD-000340,PA-00072,AMZN,Amazon.com Inc.,Equity,140260.52,19.49
HLD-000341,PA-00072,SPY,SPDR S&P 500 ETF,ETF,147259.25,20.46
HLD-000342,PA-00073,AAPL,Apple Inc.,Equity,54782.61,7.5
HLD-000343,PA-00073,MSFT,Microsoft Corp.,Equity,79887.38,10.93
HLD-000344,PA-00073,SPY,SPDR S&P 500 ETF,ETF,143928.62,19.7
HLD-000345,PA-00073,VTI,Vanguard Total Stock Market ETF,ETF,112431.02,15.39
HLD-000346,PA-00073,BND,Vanguard Total Bond Market ETF,ETF,108700.76,14.87
HLD-000347,PA-00073,GOOGL,Alphabet Inc.,Equity,231045.6,31.62
HLD-000348,PA-00074,SPY,SPDR S&P 500 ETF,ETF,146761.83,30.26
HLD-000349,PA-00074,AMZN,Amazon.com Inc.,Equity,291507.95,60.1
HLD-000350,PA-00074,VTI,Vanguard Total Stock Market ETF,ETF,46767.22,9.64
HLD-000351,PA-00075,BND,Vanguard Total Bond Market ETF,ETF,220802.03,51.31
HLD-000352,PA-00075,GOOGL,Alphabet Inc.,Equity,166503.91,38.69
HLD-000353,PA-00075,VTI,Vanguard Total Stock Market ETF,ETF,42997.07,9.99
HLD-000354,PA-00076,BND,Vanguard Total Bond Market ETF,ETF,10348.85,7.08
HLD-000355,PA-00076,SPY,SPDR S&P 500 ETF,ETF,25485.71,17.44
HLD-000356,PA-00076,VTI,Vanguard Total Stock Market ETF,ETF,60545.04,41.43
HLD-000357,PA-00076,AAPL,Apple Inc.,Equity,49746.4,34.04
HLD-000358,PA-00077,SPY,SPDR S&P 500 ETF,ETF,192494.72,28.95
HLD-000359,PA-00077,MSFT,Microsoft Corp.,Equity,152681.08,22.96
HLD-000360,PA-00077,GOOGL,Alphabet Inc.,Equity,86820.3,13.06
HLD-000361,PA-00077,BND,Vanguard Total Bond Market ETF,ETF,232870.91,35.03
HLD-000362,PA-00078,MSFT,Microsoft Corp.,Equity,86598.08,52.4
HLD-000363,PA-00078,AAPL,Apple Inc.,Equity,35349.59,21.39
HLD-000364,PA-00078,GOOGL,Alphabet Inc.,Equity,43318.32,26.21
HLD-000365,PA-00079,BND,Vanguard Total Bond Market ETF,ETF,194073.04,32.26
HLD-000366,PA-00079,AAPL,Apple Inc.,Equity,165761.06,27.55
HLD-000367,PA-00079,AMZN,Amazon.com Inc.,Equity,241805.9,40.19
HLD-000368,PA-00080,AMZN,Amazon.com Inc.,Equity,225603.98,30.45
HLD-000369,PA-00080,BND,Vanguard Total Bond Market ETF,ETF,129674.72,17.5
HLD-000370,PA-00080,AAPL,Apple Inc.,Equity,57148.34,7.71
HLD-000371,PA-00080,VTI,Vanguard Total Stock Market ETF,ETF,194868.05,26.3
HLD-000372,PA-00080,MSFT,Microsoft Corp.,Equity,133613.9,18.03
HLD-000373,PA-00081,GOOGL,Alphabet Inc.,Equity,26491.91,22.29
HLD-000374,PA-00081,VTI,Vanguard Total Stock Market ETF,ETF,37441.86,31.5
HLD-000375,PA-00081,BND,Vanguard Total Bond Market ETF,ETF,22141.68,18.63
HLD-000376,PA-00081,SPY,SPDR S&P 500 ETF,ETF,32796.55,27.59
HLD-000377,PA-00082,AMZN,Amazon.com Inc.,Equity,189257.34,25.7
HLD-000378,PA-00082,SPY,SPDR S&P 500 ETF,ETF,234261.92,31.81
HLD-000379,PA-00082,MSFT,Microsoft Corp.,Equity,219527.45,29.81
HLD-000380,PA-00082,BND,Vanguard Total Bond Market ETF,ETF,93469.29,12.69
HLD-000381,PA-00083,AAPL,Apple Inc.,Equity,159052.02,29.06
HLD-000382,PA-00083,SPY,SPDR S&P 500 ETF,ETF,245592.19,44.87
HLD-000383,PA-00083,BND,Vanguard Total Bond Market ETF,ETF,142660.78,26.07
HLD-000384,PA-00084,GOOGL,Alphabet Inc.,Equity,29479.79,16.55
HLD-000385,PA-00084,BND,Vanguard Total Bond Market ETF,ETF,42969.01,24.12
HLD-000386,PA-00084,AMZN,Amazon.com Inc.,Equity,21198.84,11.9
HLD-000387,PA-00084,AAPL,Apple Inc.,Equity,47667.73,26.75
HLD-000388,PA-00084,MSFT,Microsoft Corp.,Equity,21884.77,12.28
HLD-000389,PA-00084,SPY,SPDR S&P 500 ETF,ETF,14967.86,8.4
HLD-000390,PA-00085,VTI,Vanguard Total Stock Market ETF,ETF,57525.68,11.51
HLD-000391,PA-00085,BND,Vanguard Total Bond Market ETF,ETF,139328.17,27.87
HLD-000392,PA-00085,GOOGL,Alphabet Inc.,Equity,303102.15,60.63
HLD-000393,PA-00086,AAPL,Apple Inc.,Equity,30369.6,15.17
HLD-000394,PA-00086,MSFT,Microsoft Corp.,Equity,34901.27,17.43
HLD-000395,PA-00086,SPY,SPDR S&P 500 ETF,ETF,17568.53,8.78
HLD-000396,PA-00086,VTI,Vanguard Total Stock Market ETF,ETF,26592.38,13.28
HLD-000397,PA-00086,GOOGL,Alphabet Inc.,Equity,27338.12,13.65
HLD-000398,PA-00086,AMZN,Amazon.com Inc.,Equity,63440.1,31.69
HLD-000399,PA-00087,BND,Vanguard Total Bond Market ETF,ETF,214906.76,30.8
HLD-000400,PA-00087,AAPL,Apple Inc.,Equity,207902.42,29.79
HLD-000401,PA-00087,GOOGL,Alphabet Inc.,Equity,275040.82,39.41
HLD-000402,PA-00088,AAPL,Apple Inc.,Equity,32081.89,7.79
HLD-000403,PA-00088,GOOGL,Alphabet Inc.,Equity,91695.49,22.26
HLD-000404,PA-00088,VTI,Vanguard Total Stock Market ETF,ETF,126467.48,30.7
HLD-000405,PA-00088,AMZN,Amazon.com Inc.,Equity,25652.67,6.23
HLD-000406,PA-00088,BND,Vanguard Total Bond Market ETF,ETF,75704.51,18.38
HLD-000407,PA-00088,MSFT,Microsoft Corp.,Equity,60336.96,14.65
HLD-000408,PA-00089,AMZN,Amazon.com Inc.,Equity,33175.62,18.87
HLD-000409,PA-00089,BND,Vanguard Total Bond Market ETF,ETF,54474.61,30.98
HLD-000410,PA-00089,SPY,SPDR S&P 500 ETF,ETF,88161.77,50.15
HLD-000411,PA-00090,SPY,SPDR S&P 500 ETF,ETF,27175.44,21.64
HLD-000412,PA-00090,BND,Vanguard Total Bond Market ETF,ETF,25667.22,20.44
HLD-000413,PA-00090,AAPL,Apple Inc.,Equity,18353.72,14.62
HLD-000414,PA-00090,AMZN,Amazon.com Inc.,Equity,18293.46,14.57
HLD-000415,PA-00090,VTI,Vanguard Total Stock Market ETF,ETF,21769.48,17.34
HLD-000416,PA-00090,MSFT,Microsoft Corp.,Equity,14316.68,11.4
HLD-000417,PA-00091,SPY,SPDR S&P 500 ETF,ETF,82730.93,11.85
HLD-000418,PA-00091,BND,Vanguard Total Bond Market ETF,ETF,156759.99,22.45
HLD-000419,PA-00091,GOOGL,Alphabet Inc.,Equity,142854.43,20.46
HLD-000420,PA-00091,AAPL,Apple Inc.,Equity,115390.72,16.53
HLD-000421,PA-00091,MSFT,Microsoft Corp.,Equity,97075.53,13.9
HLD-000422,PA-00091,AMZN,Amazon.com Inc.,Equity,103339.41,14.8
HLD-000423,PA-00092,SPY,SPDR S&P 500 ETF,ETF,131082.46,21.62
HLD-000424,PA-00092,GOOGL,Alphabet Inc.,Equity,100025.67,16.5
HLD-000425,PA-00092,BND,Vanguard Total Bond Market ETF,ETF,117599.26,19.39
HLD-000426,PA-00092,MSFT,Microsoft Corp.,Equity,257671.61,42.49
HLD-000427,PA-00093,BND,Vanguard Total Bond Market ETF,ETF,73238.6,13.65
HLD-000428,PA-00093,VTI,Vanguard Total Stock Market ETF,ETF,52631.32,9.81
HLD-000429,PA-00093,SPY,SPDR S&P 500 ETF,ETF,145838.1,27.18
HLD-000430,PA-00093,GOOGL,Alphabet Inc.,Equity,111093.21,20.71
HLD-000431,PA-00093,AMZN,Amazon.com Inc.,Equity,104077.12,19.4
HLD-000432,PA-00093,MSFT,Microsoft Corp.,Equity,49611.65,9.25
HLD-000433,PA-00094,SPY,SPDR S&P 500 ETF,ETF,20373.33,18.58
HLD-000434,PA-00094,GOOGL,Alphabet Inc.,Equity,14578.81,13.3
HLD-000435,PA-00094,AAPL,Apple Inc.,Equity,19993.19,18.23
HLD-000436,PA-00094,VTI,Vanguard Total Stock Market ETF,ETF,30330.07,27.66
HLD-000437,PA-00094,BND,Vanguard Total Bond Market ETF,ETF,24377.6,22.23
HLD-000438,PA-00095,VTI,Vanguard Total Stock Market ETF,ETF,101127.89,26.12
HLD-000439,PA-00095,MSFT,Microsoft Corp.,Equity,20417.7,5.27
HLD-000440,PA-00095,AAPL,Apple Inc.,Equity,70907.64,18.32
HLD-000441,PA-00095,AMZN,Amazon.com Inc.,Equity,16356.65,4.22
HLD-000442,PA-00095,SPY,SPDR S&P 500 ETF,ETF,76434.29,19.74
HLD-000443,PA-00095,BND,Vanguard Total Bond Market ETF,ETF,101900.83,26.32
HLD-000444,PA-00096,AMZN,Amazon.com Inc.,Equity,21535.23,6.21
HLD-000445,PA-00096,GOOGL,Alphabet Inc.,Equity,24484.8,7.06
HLD-000446,PA-00096,VTI,Vanguard Total Stock Market ETF,ETF,84713.31,24.44
HLD-000447,PA-00096,AAPL,Apple Inc.,Equity,44046.91,12.71
HLD-000448,PA-00096,BND,Vanguard Total Bond Market ETF,ETF,89391.76,25.79
HLD-000449,PA-00096,MSFT,Microsoft Corp.,Equity,82462.99,23.79
HLD-000450,PA-00097,GOOGL,Alphabet Inc.,Equity,35817.27,26.44
HLD-000451,PA-00097,SPY,SPDR S&P 500 ETF,ETF,52464.45,38.73
HLD-000452,PA-00097,AMZN,Amazon.com Inc.,Equity,21961.2,16.21
HLD-000453,PA-00097,MSFT,Microsoft Corp.,Equity,25218.08,18.62
HLD-000454,PA-00098,VTI,Vanguard Total Stock Market ETF,ETF,186670.79,25.66
HLD-000455,PA-00098,GOOGL,Alphabet Inc.,Equity,82684.2,11.37
HLD-000456,PA-00098,AAPL,Apple Inc.,Equity,155102.5,21.32
HLD-000457,PA-00098,BND,Vanguard Total Bond Market ETF,ETF,57136.66,7.85
HLD-000458,PA-00098,MSFT,Microsoft Corp.,Equity,194998.65,26.81
HLD-000459,PA-00098,SPY,SPDR S&P 500 ETF,ETF,50813.21,6.99
HLD-000460,PA-00099,SPY,SPDR S&P 500 ETF,ETF,65735.95,8.83
HLD-000461,PA-00099,VTI,Vanguard Total Stock Market ETF,ETF,209895.75,28.21
HLD-000462,PA-00099,MSFT,Microsoft Corp.,Equity,196915.24,26.46
HLD-000463,PA-00099,AMZN,Amazon.com Inc.,Equity,205090.84,27.56
HLD-000464,PA-00099,AAPL,Apple Inc.,Equity,66445.22,8.93
HLD-000465,PA-00100,SPY,SPDR S&P 500 ETF,ETF,51833.29,10.05
HLD-000466,PA-00100,BND,Vanguard Total Bond Market ETF,ETF,150395.15,29.16
HLD-000467,PA-00100,AMZN,Amazon.com Inc.,Equity,125806.33,24.39
HLD-000468,PA-00100,MSFT,Microsoft Corp.,Equity,142034.23,27.54
HLD-000469,PA-00100,GOOGL,Alphabet Inc.,Equity,45707.01,8.86
HLD-000470,PA-00101,VTI,Vanguard Total Stock Market ETF,ETF,81998.19,23.74
HLD-000471,PA-00101,SPY,SPDR S&P 500 ETF,ETF,15743.01,4.56
HLD-000472,PA-00101,AMZN,Amazon.com Inc.,Equity,50323.51,14.57
HLD-000473,PA-00101,MSFT,Microsoft Corp.,Equity,41494.68,12.01
HLD-000474,PA-00101,AAPL,Apple Inc.,Equity,86945.54,25.17
HLD-000475,PA-00101,GOOGL,Alphabet Inc.,Equity,68954.07,19.96
HLD-000476,PA-00102,AMZN,Amazon.com Inc.,Equity,87659.87,40.19
HLD-000477,PA-00102,VTI,Vanguard Total Stock Market ETF,ETF,29365.22,13.46
HLD-000478,PA-00102,MSFT,Microsoft Corp.,Equity,47801.41,21.92
HLD-000479,PA-00102,SPY,SPDR S&P 500 ETF,ETF,39629.66,18.17
HLD-000480,PA-00102,AAPL,Apple Inc.,Equity,13642.84,6.26
HLD-000481,PA-00103,MSFT,Microsoft Corp.,Equity,31520.73,23.25
HLD-000482,PA-00103,AAPL,Apple Inc.,Equity,37143.28,27.4
HLD-000483,PA-00103,GOOGL,Alphabet Inc.,Equity,11150.36,8.22
HLD-000484,PA-00103,BND,Vanguard Total Bond Market ETF,ETF,17085.4,12.6
HLD-000485,PA-00103,VTI,Vanguard Total Stock Market ETF,ETF,38669.23,28.52
