Id,Name,Phone
001aj00003rOxZxAAK,Fowler Household,143-321-8196
001aj00003rOxZyAAK,Miller Household,(495) 931-0341
001aj00003rOxZzAAK,Lewis Household,(767) 242-3884 x969
001aj00003rOxa0AAC,Brennan Household,+1 (238) 346-5787
001aj00003rOxa1AAC,Brown Household,(513) 338-7262
001aj00003rOxa2AAC,Ellis Household,(618) 384-2513
001aj00003rOxa3AAC,Fleming Household,158.692.3226
001aj00003rOxa4AAC,Jones Household,(595) 148-4656
001aj00003rOxa5AAC,Brock Household,(870) 831-7278 x895
001aj00003rOxa6AAC,Daniels Household,+1 (103) 669-0967
001aj00003rOxa7AAC,Gibson Household,(664) 641-7080
001aj00003rOxa8AAC,Christian Household,(847) 379-9650
001aj00003rOxa9AAC,Terry Household,(371) 094-7775
001aj00003rOxaAAAS,Norris Household,(240) 344-7134 x936
001aj00003rOxaBAAS,Johnston Household,(878) 742-9671
001aj00003rOxaCAAS,Valentine Household,(974) 846-7737
001aj00003rOxaDAAS,Thornton Household,+1 (862) 702-8951
001aj00003rOxaEAAS,Jimenez Household,(337) 474-0748
001aj00003rOxaFAAS,Byrd Household,(510) 470-9521
001aj00003rOxaGAAS,Pena Household,(996) 405-3773 x515
001aj00003rOxaHAAS,Howard Household,(295) 024-0268
001aj00003rOxaIAAS,Vang Household,(747) 896-1183 x673
001aj00003rOxaJAAS,Lewis Household,(931) 585-1493 x689
001aj00003rOxaKAAS,Nelson Household,+1 (779) 764-3815
001aj00003rOxaLAAS,Lee Household,(352) 312-4329
001aj00003rOxaMAAS,Wagner Household,(603) 778-8925
001aj00003rOxaNAAS,Lucas Household,+1 (485) 054-2357
001aj00003rOxaOAAS,Hammond Household,+1 (888) 623-9240
001aj00003rOxaPAAS,Mendez Household,(996) 218-5188
001aj00003rOxaQAAS,Kline Household,+1 (252) 775-8416
001aj00003rOxaRAAS,Martinez Household,(655) 690-9275
001aj00003rOxaSAAS,Owens Household,(552) 892-2680 x182
001aj00003rOxaTAAS,Thomas Household,(446) 963-2595
001aj00003rOxaUAAS,Fischer Household,(898) 680-0025
001aj00003rOxaVAAS,Griffith Household,(628) 962-3091 x307
001aj00003rOxaWAAS,Castillo Household,(244) 198-6652 x404
001aj00003rOxaXAAS,Rivera Household,(642) 054-9329 x668
001aj00003rOxaYAAS,Davis Household,(170) 728-6790 x874
001aj00003rOxaZAAS,Anderson Household,(400) 478-6863
001aj00003rOxaaAAC,Young Household,(783) 644-0892
001aj00003rOxabAAC,Rivera Household,175.183.0469
001aj00003rOxacAAC,Pena Household,(847) 772-5228
001aj00003rOxadAAC,Valenzuela Household,(340) 148-9025 x039
001aj00003rOxaeAAC,Gomez Household,(999) 560-4661
001aj00003rOxafAAC,Maldonado Household,(307) 374-1672 x434
001aj00003rOxagAAC,Gibson Household,(587) 571-7751
001aj00003rOxahAAC,Carr Household,(355) 792-4991
001aj00003rOxaiAAC,Fitzgerald Household,(440) 745-1713
001aj00003rOxajAAC,Morgan Household,(397) 500-1701
001aj00003rOxakAAC,Smith Household,(216) 271-3611
